location,price,last4ccnum,loyaltynum,date,Hour,Minutes
Brew've Been Served,4.17,5368.0,L2247,2014-01-06,7,38
Brew've Been Served,9.6,4948.0,L9406,2014-01-06,7,43
Hallowed Grounds,16.53,8129.0,L8328,2014-01-06,7,47
Brew've Been Served,4.27,5407.0,L4034,2014-01-06,8,0
Brew've Been Served,11.2,8411.0,L6110,2014-01-06,8,16
Brew've Been Served,15.39,8202.0,L2343,2014-01-06,8,17
Hippokampos,34.03,6691.0,L6267,2014-01-06,13,20
Kalami Kafenion,8.64,5407.0,L4034,2014-01-06,13,28
Katerina Cafè,33.54,8411.0,L6110,2014-01-06,13,28
Hippokampos,36.54,2681.0,L1107,2014-01-06,13,35
Ouzeri Elian,20.74,5368.0,L2247,2014-01-06,13,48
Kalami Kafenion,13.08,7117.0,L6417,2014-01-06,14,0
Hippokampos,38.25,8202.0,L2343,2014-01-06,13,58
Hippokampos,30.88,4948.0,L9406,2014-01-06,14,4
Kalami Kafenion,27.4,8129.0,L8328,2014-01-06,14,15
Katerina Cafè,26.46,8129.0,L8328,2014-01-06,19,8
Frydos Autosupply n' More,80.85,8202.0,L2343,2014-01-06,20,12
Frydos Autosupply n' More,175.87,5368.0,L2247,2014-01-06,20,15
Katerina Cafè,28.0,6691.0,L6267,2014-01-06,20,30
Hippokampos,24.41,7117.0,L6417,2014-01-06,20,46
Katerina Cafè,26.51,4948.0,L9406,2014-01-06,21,12
Brew've Been Served,12.74,5368.0,L2247,2014-01-07,7,31
Hallowed Grounds,8.91,8129.0,L8328,2014-01-07,7,37
Coffee Shack,16.63,7117.0,L6417,2014-01-07,12,0
Brew've Been Served,4.39,5407.0,L4034,2014-01-07,7,50
Brew've Been Served,11.91,4948.0,L9406,2014-01-07,8,0
Brew've Been Served,17.4,8202.0,L2343,2014-01-07,7,58
Hallowed Grounds,10.33,6691.0,L6267,2014-01-07,7,57
Brew've Been Served,15.66,8411.0,L6110,2014-01-07,8,9
Kalami Kafenion,11.64,5407.0,L4034,2014-01-07,13,24
Ouzeri Elian,28.37,4948.0,L9406,2014-01-07,13,32
Abila Zacharo,32.4,2418.0,L9018,2014-01-07,13,44
Gelatogalore,36.5,2681.0,L1107,2014-01-07,13,49
Ouzeri Elian,21.85,8411.0,L6110,2014-01-07,13,50
Katerina Cafè,37.44,8202.0,L2343,2014-01-07,13,57
Gelatogalore,15.4,6691.0,L6267,2014-01-07,13,57
Hippokampos,37.57,8129.0,L8328,2014-01-07,14,11
Albert's Fine Clothing,78.91,7117.0,L6417,2014-01-07,20,10
Katerina Cafè,31.6,8411.0,L6110,2014-01-07,20,18
Guy's Gyros,23.12,5368.0,L2247,2014-01-07,20,34
Katerina Cafè,25.54,6691.0,L6267,2014-01-07,20,33
Ouzeri Elian,20.53,2681.0,L1107,2014-01-07,20,49
Hallowed Grounds,5.85,8129.0,L8328,2014-01-08,7,40
Brew've Been Served,3.09,4948.0,L9406,2014-01-08,7,42
Hallowed Grounds,3.9,2681.0,L1107,2014-01-08,7,50
Coffee Shack,13.13,7117.0,L6417,2014-01-08,12,0
Brew've Been Served,8.4,5407.0,L4034,2014-01-08,7,58
Brew've Been Served,3.92,8202.0,L2343,2014-01-08,8,1
Hallowed Grounds,11.63,6691.0,L6267,2014-01-08,7,57
Brew've Been Served,11.48,8411.0,L6110,2014-01-08,8,9
Coffee Cameleon,16.17,2418.0,L9018,2014-01-08,8,22
Abila Zacharo,22.13,5407.0,L4034,2014-01-08,13,10
Gelatogalore,32.79,8411.0,L6110,2014-01-08,13,27
Kalami Kafenion,22.49,8202.0,L2343,2014-01-08,13,42
Abila Zacharo,28.25,2681.0,L1107,2014-01-08,13,46
Gelatogalore,22.27,2418.0,L9018,2014-01-08,13,47
Kalami Kafenion,34.98,7117.0,L6417,2014-01-08,14,15
Gelatogalore,39.94,4948.0,L9406,2014-01-08,14,17
Kalami Kafenion,31.43,8129.0,L8328,2014-01-08,14,19
Katerina Cafè,34.25,5407.0,L4034,2014-01-08,19,32
Katerina Cafè,13.83,8411.0,L6110,2014-01-08,20,0
Frydos Autosupply n' More,214.07,2418.0,L9018,2014-01-08,20,7
Frydos Autosupply n' More,268.89,6691.0,L6267,2014-01-08,20,28
Katerina Cafè,16.93,8202.0,L2343,2014-01-08,20,35
Coffee Shack,5.01,7117.0,L6417,2014-01-09,12,0
Hallowed Grounds,15.33,2681.0,L1107,2014-01-09,8,15
Gelatogalore,19.2,5407.0,L4034,2014-01-09,13,12
Hippokampos,27.47,2418.0,L9018,2014-01-09,13,29
Gelatogalore,23.23,8411.0,L6110,2014-01-09,13,35
Gelatogalore,24.68,2681.0,L1107,2014-01-09,13,45
Kalami Kafenion,19.84,4948.0,L9406,2014-01-09,13,56
Kalami Kafenion,10.94,8129.0,L8328,2014-01-09,14,4
Kalami Kafenion,35.99,6691.0,L6267,2014-01-09,14,3
Guy's Gyros,27.69,8202.0,L2343,2014-01-09,14,9
Gelatogalore,36.75,7117.0,L6417,2014-01-09,14,18
Katerina Cafè,35.92,8129.0,L8328,2014-01-09,19,25
Katerina Cafè,26.6,5921.0,L9406,2014-01-09,19,30
Katerina Cafè,26.6,4948.0,L9406,2014-01-09,20,6
Katerina Cafè,29.82,8202.0,L2343,2014-01-09,20,22
Albert's Fine Clothing,224.52,7117.0,L6417,2014-01-09,20,21
Guy's Gyros,8.23,7889.0,L2247,2014-01-09,20,23
Guy's Gyros,8.23,5368.0,L2247,2014-01-09,20,38
Shoppers' Delight,258.43,2681.0,L1107,2014-01-09,21,13
Hallowed Grounds,16.75,8129.0,L8328,2014-01-10,7,34
Hallowed Grounds,17.63,2681.0,L1107,2014-01-10,7,46
Coffee Cameleon,9.69,2418.0,L9018,2014-01-10,7,54
Hallowed Grounds,9.34,6691.0,L6267,2014-01-10,8,6
Brew've Been Served,14.36,8411.0,L6110,2014-01-10,8,20
Katerina Cafè,21.22,2418.0,L9018,2014-01-10,13,38
Abila Zacharo,31.34,2681.0,L1107,2014-01-10,13,46
Kalami Kafenion,27.48,5407.0,L4034,2014-01-10,13,45
Guy's Gyros,38.15,8411.0,L6110,2014-01-10,13,44
Ouzeri Elian,24.74,5368.0,L2247,2014-01-10,13,57
Guy's Gyros,16.34,8129.0,L8328,2014-01-10,13,57
Abila Zacharo,9.32,6691.0,L6267,2014-01-10,14,9
Gelatogalore,32.19,8202.0,L2343,2014-01-10,14,11
Hippokampos,19.88,7117.0,L6417,2014-01-10,19,56
Frydos Autosupply n' More,43.65,8202.0,L2343,2014-01-10,20,2
Katerina Cafè,8.14,8411.0,L6110,2014-01-10,20,9
Katerina Cafè,21.28,5407.0,L4034,2014-01-10,20,42
Guy's Gyros,25.81,5368.0,L2247,2014-01-10,21,13
Katerina Cafè,45.21,2418.0,L9018,2014-01-11,13,23
Kalami Kafenion,35.66,7117.0,L6417,2014-01-11,14,9
Shoppers' Delight,238.52,2418.0,L9018,2014-01-11,15,20
General Grocer,78.02,8129.0,L8328,2014-01-11,15,31
Katerina Cafè,20.71,6691.0,L6267,2014-01-11,19,32
Guy's Gyros,36.2,5368.0,L2247,2014-01-11,19,57
Katerina Cafè,25.76,4948.0,L9406,2014-01-11,20,0
Katerina Cafè,52.45,8202.0,L2343,2014-01-11,20,6
Frydos Autosupply n' More,236.25,8129.0,L8328,2014-01-11,20,22
Hippokampos,69.8,7117.0,L6417,2014-01-11,20,27
Katerina Cafè,94.68,2418.0,L9018,2014-01-11,20,24
Ouzeri Elian,98.45,5407.0,L4034,2014-01-12,13,17
Hippokampos,29.2,7117.0,L6417,2014-01-12,13,35
Guy's Gyros,30.47,8129.0,L8328,2014-01-12,14,16
General Grocer,159.3,7117.0,L6417,2014-01-12,15,46
Katerina Cafè,40.94,5407.0,L4034,2014-01-12,19,43
Frydos Autosupply n' More,88.93,5368.0,L2247,2014-01-12,19,52
Katerina Cafè,39.3,8129.0,L8328,2014-01-12,20,4
Katerina Cafè,16.34,8411.0,L6110,2014-01-12,20,17
Katerina Cafè,40.25,4948.0,L9406,2014-01-12,20,35
Frydos Autosupply n' More,161.96,8202.0,L2343,2014-01-12,20,43
Brew've Been Served,9.53,4948.0,L9406,2014-01-13,7,56
Hallowed Grounds,6.32,6691.0,L6267,2014-01-13,7,57
Brew've Been Served,13.37,8411.0,L6110,2014-01-13,8,0
Coffee Cameleon,17.49,2418.0,L9018,2014-01-13,7,55
Coffee Shack,4.09,7117.0,L6417,2014-01-13,12,0
Brew've Been Served,19.89,8202.0,L2343,2014-01-13,8,23
Katerina Cafè,38.98,2418.0,L9018,2014-01-13,13,23
Guy's Gyros,21.03,8411.0,L6110,2014-01-13,13,51
Kalami Kafenion,20.33,5368.0,L2247,2014-01-13,13,55
Gelatogalore,36.24,8202.0,L2343,2014-01-13,14,0
Guy's Gyros,38.07,7117.0,L6417,2014-01-13,14,0
Hippokampos,26.96,4948.0,L9406,2014-01-13,14,21
Frydos Autosupply n' More,188.57,8129.0,L8328,2014-01-13,19,41
Frydos Autosupply n' More,64.6,8411.0,L6110,2014-01-13,19,59
Ouzeri Elian,21.83,2681.0,L1107,2014-01-13,20,43
Guy's Gyros,19.77,5368.0,L2247,2014-01-13,21,8
Hippokampos,32.29,7117.0,L6417,2014-01-13,21,13
Frydos Autosupply n' More,202.05,2418.0,L9018,2014-01-13,21,11
Brew've Been Served,14.67,5368.0,L2247,2014-01-14,7,27
Hallowed Grounds,16.67,8129.0,L8328,2014-01-14,7,44
Brew've Been Served,14.04,4948.0,L9406,2014-01-14,7,45
Brew've Been Served,9.53,8202.0,L2343,2014-01-14,7,53
Coffee Cameleon,11.67,2418.0,L9018,2014-01-14,7,52
Hallowed Grounds,10.65,2681.0,L1107,2014-01-14,8,12
Brew've Been Served,16.39,5407.0,L4034,2014-01-14,8,7
Coffee Shack,3.63,7117.0,L6417,2014-01-14,12,0
Hallowed Grounds,6.16,6691.0,L6267,2014-01-14,8,16
Brew've Been Served,11.53,8411.0,L6110,2014-01-14,8,13
Abila Zacharo,31.09,8411.0,L6110,2014-01-14,13,35
Kalami Kafenion,33.13,5407.0,L4034,2014-01-14,13,40
Katerina Cafè,31.69,6691.0,L6267,2014-01-14,13,43
Ouzeri Elian,33.67,2681.0,L1107,2014-01-14,13,53
Kalami Kafenion,27.65,4948.0,L9406,2014-01-14,13,50
Gelatogalore,35.97,5368.0,L2247,2014-01-14,13,57
Ouzeri Elian,19.7,7117.0,L6417,2014-01-14,14,1
Hippokampos,16.73,8202.0,L2343,2014-01-14,14,16
Guy's Gyros,35.12,5368.0,L2247,2014-01-14,20,17
Katerina Cafè,31.94,5407.0,L4034,2014-01-14,20,19
Katerina Cafè,25.4,8411.0,L6110,2014-01-14,20,50
Frydos Autosupply n' More,49.21,4948.0,L9406,2014-01-14,21,28
Brew've Been Served,3.14,4948.0,L9406,2014-01-15,7,58
Brew've Been Served,8.42,5368.0,L2247,2014-01-15,8,0
Brew've Been Served,5.75,8411.0,L6110,2014-01-15,7,58
Hallowed Grounds,14.39,2681.0,L1107,2014-01-15,8,13
Brew've Been Served,3.47,8202.0,L2343,2014-01-15,8,6
Kalami Kafenion,38.5,5407.0,L4034,2014-01-15,13,37
Ouzeri Elian,25.7,5368.0,L2247,2014-01-15,13,40
Kalami Kafenion,37.15,8411.0,L6110,2014-01-15,13,36
Guy's Gyros,12.19,6691.0,L6267,2014-01-15,13,45
Gelatogalore,24.96,7117.0,L6417,2014-01-15,13,46
Ouzeri Elian,26.61,8129.0,L8328,2014-01-15,13,51
Guy's Gyros,16.58,8202.0,L2343,2014-01-15,13,46
Katerina Cafè,29.33,8411.0,L6110,2014-01-15,20,17
Katerina Cafè,29.66,2418.0,L9018,2014-01-15,20,29
Albert's Fine Clothing,228.15,7117.0,L6417,2014-01-15,20,46
Frydos Autosupply n' More,276.88,4948.0,L9406,2014-01-15,20,57
Ouzeri Elian,8.57,2681.0,L1107,2014-01-15,21,5
Hallowed Grounds,17.92,8129.0,L8328,2014-01-16,7,45
Coffee Shack,10.48,7117.0,L6417,2014-01-16,12,0
Hallowed Grounds,18.23,6691.0,L6267,2014-01-16,8,7
Hallowed Grounds,4.6,2681.0,L1107,2014-01-16,8,9
Brew've Been Served,11.21,8411.0,L6110,2014-01-16,8,23
Katerina Cafè,39.74,5407.0,L4034,2014-01-16,13,27
Hippokampos,13.05,6691.0,L6267,2014-01-16,13,35
Abila Zacharo,24.38,4948.0,L9406,2014-01-16,13,48
Katerina Cafè,38.32,5368.0,L2247,2014-01-16,13,43
Kalami Kafenion,9.27,8202.0,L2343,2014-01-16,13,45
Ouzeri Elian,8.52,2418.0,L9018,2014-01-16,14,0
Ouzeri Elian,8.47,7117.0,L6417,2014-01-16,14,1
Octavio's Office Supplies,131.01,5368.0,L2247,2014-01-16,15,58
Albert's Fine Clothing,283.38,7117.0,L6417,2014-01-16,20,8
Katerina Cafè,18.79,8129.0,L8328,2014-01-16,20,9
Ouzeri Elian,22.65,2681.0,L1107,2014-01-16,20,25
Katerina Cafè,35.43,2418.0,L9018,2014-01-16,20,25
Katerina Cafè,30.56,8202.0,L2343,2014-01-16,20,39
Frydos Autosupply n' More,130.01,4948.0,L9406,2014-01-16,20,54
Brew've Been Served,11.69,5368.0,L2247,2014-01-17,7,36
Brew've Been Served,8.07,4948.0,L9406,2014-01-17,7,50
Coffee Shack,19.16,7117.0,L6417,2014-01-17,12,0
Hallowed Grounds,5.52,6691.0,L6267,2014-01-17,7,59
Coffee Cameleon,7.49,2418.0,L9018,2014-01-17,8,7
Brew've Been Served,18.15,5407.0,L4034,2014-01-17,8,12
Brew've Been Served,14.58,8411.0,L6110,2014-01-17,8,19
Hippokampos,38.21,2418.0,L9018,2014-01-17,13,16
Gelatogalore,18.1,2681.0,L1107,2014-01-17,13,47
Kalami Kafenion,24.21,8411.0,L6110,2014-01-17,13,53
Guy's Gyros,15.12,8202.0,L2343,2014-01-17,14,0
Guy's Gyros,21.1,7117.0,L6417,2014-01-17,14,5
Ouzeri Elian,26.1,8129.0,L8328,2014-01-17,14,32
Hippokampos,19.76,7117.0,L6417,2014-01-17,19,40
Frydos Autosupply n' More,124.52,4948.0,L9406,2014-01-17,19,57
Katerina Cafè,36.12,8202.0,L2343,2014-01-17,20,19
Ouzeri Elian,26.4,2681.0,L1107,2014-01-17,20,35
Katerina Cafè,33.73,5407.0,L4034,2014-01-17,21,5
Frydos Autosupply n' More,67.29,5368.0,L2247,2014-01-17,21,15
Katerina Cafè,34.54,6691.0,L6267,2014-01-18,13,15
Kalami Kafenion,30.12,5368.0,L2247,2014-01-18,13,19
Kalami Kafenion,42.73,8202.0,L2343,2014-01-18,14,2
Katerina Cafè,37.26,8411.0,L6110,2014-01-18,14,0
Frydos Autosupply n' More,103.41,5368.0,L2247,2014-01-18,15,31
Albert's Fine Clothing,189.52,6691.0,L6267,2014-01-18,15,57
Frydos Autosupply n' More,234.53,5407.0,L4034,2014-01-18,18,51
Guy's Gyros,28.07,5368.0,L2247,2014-01-18,19,21
Ouzeri Elian,14.9,2681.0,L1107,2014-01-18,19,46
Katerina Cafè,32.68,2418.0,L9018,2014-01-18,19,56
Katerina Cafè,45.88,8411.0,L6110,2014-01-18,20,4
Hippokampos,55.03,7117.0,L6417,2014-01-18,20,26
Albert's Fine Clothing,276.9,9551.0,L5777,2014-01-06,20,26
Hallowed Grounds,8.05,9551.0,L5777,2014-01-06,7,55
Bean There Done That,10.28,1415.0,L7783,2014-01-06,12,0
Guy's Gyros,15.44,1415.0,L7783,2014-01-06,13,24
Hippokampos,21.33,1415.0,L7783,2014-01-06,20,46
Bean There Done That,16.09,9635.0,L3191,2014-01-06,12,0
Guy's Gyros,30.82,9635.0,L3191,2014-01-06,13,46
Abila Zacharo,30.08,7688.0,L4164,2014-01-06,13,27
Brewed Awakenings,5.72,7688.0,L4164,2014-01-06,12,0
Hippokampos,17.27,7688.0,L4164,2014-01-06,20,52
Jack's Magical Beans,11.03,6899.0,L6267,2014-01-06,12,0
Katerina Cafè,18.56,6899.0,L6267,2014-01-06,13,46
Gelatogalore,12.74,7253.0,L1682,2014-01-06,13,19
Katerina Cafè,23.63,7253.0,L1682,2014-01-06,20,7
Brew've Been Served,18.24,3853.0,L1485,2014-01-06,8,6
Katerina Cafè,39.41,3853.0,L1485,2014-01-06,13,59
Brewed Awakenings,16.89,2540.0,L5947,2014-01-06,12,0
Ouzeri Elian,38.9,2540.0,L5947,2014-01-06,13,22
Gelatogalore,22.64,7889.0,L6119,2014-01-06,13,41
Bean There Done That,8.54,1877.0,L3014,2014-01-06,12,0
Hippokampos,8.64,1877.0,L3014,2014-01-06,13,57
Hippokampos,26.8,1877.0,L3014,2014-01-06,20,36
Brewed Awakenings,4.35,8332.0,L2070,2014-01-06,12,0
Hippokampos,20.61,8332.0,L2070,2014-01-06,21,52
Bean There Done That,5.24,1321.0,L4149,2014-01-06,12,0
Hippokampos,35.34,1321.0,L4149,2014-01-06,20,20
Hallowed Grounds,10.07,1874.0,L4424,2014-01-06,8,1
Katerina Cafè,13.59,1874.0,L4424,2014-01-06,13,50
Katerina Cafè,12.32,1874.0,L4424,2014-01-06,20,8
Brew've Been Served,8.88,7819.0,L5259,2014-01-06,7,59
Gelatogalore,23.41,7819.0,L5259,2014-01-06,14,0
Guy's Gyros,28.94,7819.0,L5259,2014-01-06,20,24
Brew've Been Served,4.24,7384.0,L3800,2014-01-06,7,37
Guy's Gyros,16.92,7384.0,L3800,2014-01-06,13,30
Guy's Gyros,39.29,7384.0,L3800,2014-01-06,19,18
Hallowed Grounds,16.72,9617.0,L5553,2014-01-06,7,36
Katerina Cafè,32.64,9617.0,L5553,2014-01-06,13,50
Bean There Done That,4.27,6895.0,L3366,2014-01-06,12,0
Ouzeri Elian,20.4,6895.0,L3366,2014-01-06,13,42
Brew've Been Served,8.33,6816.0,L8148,2014-01-06,7,35
Ouzeri Elian,20.56,6816.0,L8148,2014-01-06,13,37
Carlyle Chemical Inc.,3959.66,9220.0,L4063,2014-01-06,11,57
Abila Airport,4540.08,9220.0,L4063,2014-01-06,8,23
Abila Airport,777.06,9220.0,L4063,2014-01-06,15,14
Kronos Pipe and Irrigation,242.21,9220.0,L4063,2014-01-06,9,6
Maximum Iron and Steel,2859.51,9220.0,L4063,2014-01-06,10,18
Brew've Been Served,14.97,1286.0,L3572,2014-01-06,8,16
Brew've Been Served,3.67,3484.0,L2490,2014-01-06,7,55
Guy's Gyros,22.57,3484.0,L2490,2014-01-06,20,13
U-Pump,59.51,3484.0,L2490,2014-01-06,17,28
Abila Airport,612.47,8642.0,L2769,2014-01-06,15,39
Albert's Fine Clothing,121.76,4434.0,L2169,2014-01-06,21,3
Brew've Been Served,15.58,4434.0,L2169,2014-01-06,8,6
Kalami Kafenion,22.31,4434.0,L2169,2014-01-06,13,52
Nationwide Refinery,761.64,9735.0,L9633,2014-01-06,10,2
Stewart and Sons Fabrication,2144.62,9735.0,L9633,2014-01-06,11,33
Coffee Cameleon,11.86,2142.0,L9637,2014-01-06,7,54
Frydos Autosupply n' More,197.32,2142.0,L9637,2014-01-06,21,23
Guy's Gyros,11.22,1310.0,L8012,2014-01-06,13,39
Abila Zacharo,50.14,1286.0,L3288,2014-01-06,13,27
Jack's Magical Beans,18.59,9241.0,L3288,2014-01-06,12,0
Gelatogalore,36.33,3492.0,L7814,2014-01-06,13,52
Hallowed Grounds,10.66,3492.0,L7814,2014-01-06,7,48
Katerina Cafè,26.1,3492.0,L7814,2014-01-06,20,59
Abila Zacharo,23.15,9405.0,L3259,2014-01-06,13,54
Katerina Cafè,17.92,9405.0,L3259,2014-01-06,20,29
Coffee Cameleon,8.39,5921.0,L3295,2014-01-06,7,49
Katerina Cafè,15.52,5921.0,L3295,2014-01-06,20,33
Ouzeri Elian,30.87,5921.0,L3295,2014-01-06,13,48
Brew've Been Served,5.66,6901.0,L9363,2014-01-06,8,7
Guy's Gyros,11.94,6901.0,L9363,2014-01-06,20,9
Katerina Cafè,19.65,6901.0,L9363,2014-01-06,14,17
Brew've Been Served,16.9,9683.0,L7291,2014-01-06,7,43
Brew've Been Served,11.34,4795.0,L8566,2014-01-06,7,28
Hippokampos,13.26,4795.0,L8566,2014-01-06,13,23
Shoppers' Delight,293.67,7354.0,L9254,2014-01-06,20,49
Jack's Magical Beans,18.1,2463.0,L6886,2014-01-06,12,0
Gelatogalore,21.52,9551.0,L5777,2014-01-07,13,37
Abila Zacharo,13.52,1415.0,L7783,2014-01-07,13,20
Hippokampos,11.56,1415.0,L7783,2014-01-07,20,2
Guy's Gyros,10.11,9635.0,L3191,2014-01-07,13,46
Gelatogalore,34.04,7253.0,L1682,2014-01-07,13,33
Katerina Cafè,19.49,7253.0,L1682,2014-01-07,20,9
Hippokampos,21.2,2540.0,L5947,2014-01-07,21,3
Hallowed Grounds,14.05,7889.0,L6119,2014-01-07,7,35
Katerina Cafè,22.27,7889.0,L6119,2014-01-07,13,33
Hippokampos,20.17,1877.0,L3014,2014-01-07,20,1
Kalami Kafenion,22.83,1877.0,L3014,2014-01-07,13,45
Brewed Awakenings,6.72,8332.0,L2070,2014-01-07,12,0
Gelatogalore,35.06,8332.0,L2070,2014-01-07,13,20
Hippokampos,22.18,8332.0,L2070,2014-01-07,21,51
Bean There Done That,8.03,1321.0,L4149,2014-01-07,12,0
Hallowed Grounds,18.97,7108.0,L6544,2014-01-07,7,48
Kalami Kafenion,22.14,7108.0,L6544,2014-01-07,13,46
Guy's Gyros,14.87,7819.0,L5259,2014-01-07,19,45
Brew've Been Served,5.08,7384.0,L3800,2014-01-07,7,27
Guy's Gyros,12.57,9617.0,L5553,2014-01-07,14,9
Hallowed Grounds,9.92,9617.0,L5553,2014-01-07,8,1
Katerina Cafè,17.26,9617.0,L5553,2014-01-07,20,33
Guy's Gyros,11.31,6816.0,L8148,2014-01-07,13,33
Abila Airport,3840.37,3506.0,L7761,2014-01-07,9,17
Stewart and Sons Fabrication,1200.9,3506.0,L7761,2014-01-07,10,5
Brew've Been Served,11.92,1286.0,L3572,2014-01-07,7,54
Guy's Gyros,31.23,3484.0,L2490,2014-01-07,19,48
Abila Airport,124.89,8642.0,L2769,2014-01-07,12,29
Abila Airport,3411.29,8642.0,L2769,2014-01-07,15,41
Brew've Been Served,3.0,4434.0,L2169,2014-01-07,7,52
Katerina Cafè,10.9,4434.0,L2169,2014-01-07,14,7
Nationwide Refinery,1562.66,7792.0,L5756,2014-01-07,11,39
Nationwide Refinery,1347.36,9735.0,L9633,2014-01-07,10,11
Kronos Pipe and Irrigation,3920.82,4530.0,L8477,2014-01-07,14,19
Maximum Iron and Steel,3207.31,4530.0,L8477,2014-01-07,15,20
Coffee Cameleon,11.55,2142.0,L9637,2014-01-07,8,0
Katerina Cafè,10.07,2142.0,L9637,2014-01-07,20,11
Ouzeri Elian,29.1,2142.0,L9637,2014-01-07,13,29
Hallowed Grounds,7.88,1310.0,L8012,2014-01-07,7,47
Katerina Cafè,18.35,1310.0,L8012,2014-01-07,21,19
Jack's Magical Beans,18.77,9241.0,L3288,2014-01-07,12,0
Kalami Kafenion,45.05,1286.0,L3288,2014-01-07,13,24
Ouzeri Elian,11.41,9241.0,L3288,2014-01-07,20,15
Hallowed Grounds,9.61,3492.0,L7814,2014-01-07,7,50
Katerina Cafè,32.83,3492.0,L7814,2014-01-07,20,47
Brew've Been Served,14.49,9405.0,L3259,2014-01-07,8,2
Gelatogalore,17.21,9405.0,L3259,2014-01-07,13,39
Katerina Cafè,33.29,9405.0,L3259,2014-01-07,21,1
Coffee Cameleon,9.1,5921.0,L3295,2014-01-07,7,46
Katerina Cafè,19.53,5921.0,L3295,2014-01-07,20,32
Abila Scrapyard,2149.28,2276.0,L3317,2014-01-07,14,16
Nationwide Refinery,889.58,2276.0,L3317,2014-01-07,16,24
Guy's Gyros,29.57,8156.0,L5224,2014-01-07,13,13
Jack's Magical Beans,19.61,8156.0,L5224,2014-01-07,12,0
Abila Zacharo,17.81,9683.0,L7291,2014-01-07,13,41
Kalami Kafenion,18.06,4795.0,L8566,2014-01-07,13,33
Guy's Gyros,38.56,7354.0,L9254,2014-01-07,13,20
Gelatogalore,8.98,2463.0,L6886,2014-01-07,13,35
Hippokampos,37.88,2463.0,L6886,2014-01-07,21,17
Hippokampos,39.8,9551.0,L5777,2014-01-08,13,43
Abila Zacharo,14.41,1415.0,L7783,2014-01-08,13,34
Bean There Done That,17.45,1415.0,L7783,2014-01-08,12,0
Hippokampos,10.52,1415.0,L7783,2014-01-08,19,21
Albert's Fine Clothing,136.01,9635.0,L3191,2014-01-08,20,45
Bean There Done That,12.07,9635.0,L3191,2014-01-08,12,0
Hippokampos,28.79,9635.0,L3191,2014-01-08,13,48
Brewed Awakenings,11.73,7688.0,L4164,2014-01-08,12,0
Hippokampos,26.31,7688.0,L4164,2014-01-08,20,53
Jack's Magical Beans,3.96,6899.0,L6267,2014-01-08,12,0
Katerina Cafè,8.53,6899.0,L6267,2014-01-08,13,28
Ouzeri Elian,29.85,6899.0,L6267,2014-01-08,21,17
Coffee Cameleon,6.59,7253.0,L1682,2014-01-08,7,51
Hippokampos,16.59,7253.0,L1682,2014-01-08,13,26
Frank's Fuel,65.34,3853.0,L1485,2014-01-08,12,29
Frydos Autosupply n' More,182.56,3853.0,L1485,2014-01-08,20,17
Brewed Awakenings,12.32,2540.0,L5947,2014-01-08,12,0
Chostus Hotel,107.51,2540.0,L5947,2014-01-08,12,56
Hippokampos,16.54,2540.0,L5947,2014-01-08,19,28
Gelatogalore,35.29,7889.0,L6119,2014-01-08,13,42
Katerina Cafè,36.6,7889.0,L6119,2014-01-08,20,31
Hippokampos,26.55,8332.0,L2070,2014-01-08,13,12
Hippokampos,15.64,8332.0,L2070,2014-01-08,20,49
Hippokampos,37.89,1321.0,L4149,2014-01-08,13,31
General Grocer,265.84,7108.0,L6544,2014-01-08,21,0
Guy's Gyros,15.86,1874.0,L4424,2014-01-08,13,51
Hallowed Grounds,8.15,1874.0,L4424,2014-01-08,7,39
Katerina Cafè,27.87,1874.0,L4424,2014-01-08,21,9
Brew've Been Served,17.13,7819.0,L5259,2014-01-08,8,1
Brew've Been Served,3.42,7384.0,L3800,2014-01-08,8,1
Guy's Gyros,30.12,7384.0,L3800,2014-01-08,13,32
Guy's Gyros,28.81,7384.0,L3800,2014-01-08,20,7
Abila Zacharo,16.2,9617.0,L5553,2014-01-08,13,53
Hallowed Grounds,3.4,9617.0,L5553,2014-01-08,7,43
Hippokampos,32.66,6895.0,L3366,2014-01-08,20,2
Brew've Been Served,8.27,6816.0,L8148,2014-01-08,7,48
Kalami Kafenion,14.77,6816.0,L8148,2014-01-08,13,52
Brew've Been Served,7.26,1286.0,L3572,2014-01-08,8,16
Abila Airport,2723.18,8642.0,L2769,2014-01-08,12,45
Abila Airport,2769.12,8642.0,L2769,2014-01-08,15,29
Brew've Been Served,6.3,4434.0,L2169,2014-01-08,8,18
Guy's Gyros,10.34,4434.0,L2169,2014-01-08,13,57
Guy's Gyros,30.48,4434.0,L2169,2014-01-08,19,48
Nationwide Refinery,4513.16,9152.0,L5485,2014-01-08,9,54
Stewart and Sons Fabrication,1738.26,9152.0,L5485,2014-01-08,11,28
Carlyle Chemical Inc.,4901.88,7792.0,L5756,2014-01-08,14,26
Katerina Cafè,29.26,7792.0,L5756,2014-01-08,13,19
Nationwide Refinery,3674.32,9735.0,L9633,2014-01-08,10,14
Stewart and Sons Fabrication,1673.77,9735.0,L9633,2014-01-08,11,58
Carlyle Chemical Inc.,4983.52,4530.0,L8477,2014-01-08,13,3
Kronos Pipe and Irrigation,3615.61,4530.0,L8477,2014-01-08,14,9
Maximum Iron and Steel,3136.01,4530.0,L8477,2014-01-08,15,18
Coffee Cameleon,15.71,2142.0,L9637,2014-01-08,7,59
Katerina Cafè,26.45,2142.0,L9637,2014-01-08,13,41
Katerina Cafè,33.31,2142.0,L9637,2014-01-08,20,27
Katerina Cafè,31.59,1310.0,L8012,2014-01-08,20,8
Gelatogalore,50.36,1286.0,L3288,2014-01-08,13,38
Jack's Magical Beans,18.78,9241.0,L3288,2014-01-08,12,0
Ouzeri Elian,62.2,1286.0,L3288,2014-01-08,20,12
Hallowed Grounds,3.11,3492.0,L7814,2014-01-08,7,47
Kalami Kafenion,23.82,3492.0,L7814,2014-01-08,13,45
Gelatogalore,20.72,9405.0,L3259,2014-01-08,13,28
Coffee Cameleon,12.26,5921.0,L3295,2014-01-08,7,52
Kalami Kafenion,24.08,5921.0,L3295,2014-01-08,13,29
Abila Zacharo,30.85,6901.0,L9363,2014-01-08,13,51
Brew've Been Served,10.15,6901.0,L9363,2014-01-08,8,3
Jack's Magical Beans,12.37,8156.0,L5224,2014-01-08,12,0
Brew've Been Served,19.17,9683.0,L7291,2014-01-08,7,48
Chostus Hotel,111.89,9683.0,L7291,2014-01-08,13,19
Guy's Gyros,18.24,9683.0,L7291,2014-01-08,20,17
Hippokampos,9.03,4795.0,L8566,2014-01-08,13,15
Brew've Been Served,15.66,7354.0,L9254,2014-01-08,7,31
Guy's Gyros,15.69,7354.0,L9254,2014-01-08,19,36
Kalami Kafenion,31.96,7354.0,L9254,2014-01-08,13,44
Abila Zacharo,36.85,2463.0,L6886,2014-01-08,13,23
Bean There Done That,13.0,1415.0,L7783,2014-01-09,12,0
Hippokampos,8.43,9635.0,L3191,2014-01-09,13,41
Hippokampos,10.12,9635.0,L3191,2014-01-09,21,38
Ouzeri Elian,26.09,7688.0,L4164,2014-01-09,13,21
Gelatogalore,8.6,6899.0,L6267,2014-01-09,13,23
Jack's Magical Beans,10.11,6899.0,L6267,2014-01-09,12,0
Katerina Cafè,17.02,7253.0,L1682,2014-01-09,13,3
Frydos Autosupply n' More,276.75,3853.0,L1485,2014-01-09,20,45
Jack's Magical Beans,6.0,3853.0,L1485,2014-01-09,12,0
Katerina Cafè,10.42,3853.0,L1485,2014-01-09,13,35
Brewed Awakenings,13.16,2540.0,L5947,2014-01-09,12,0
Hippokampos,15.02,2540.0,L5947,2014-01-09,20,5
Guy's Gyros,13.59,7889.0,L6119,2014-01-09,13,28
Guy's Gyros,8.23,7889.0,L6119,2014-01-09,20,23
Guy's Gyros,8.23,5368.0,L6119,2014-01-09,20,38
Bean There Done That,4.06,1877.0,L3014,2014-01-09,12,0
Katerina Cafè,8.01,1877.0,L3014,2014-01-09,14,6
Albert's Fine Clothing,229.98,8332.0,L2070,2014-01-09,21,27
Brewed Awakenings,17.66,8332.0,L2070,2014-01-09,12,0
Hippokampos,9.12,1321.0,L4149,2014-01-09,13,37
Ouzeri Elian,32.89,7108.0,L6544,2014-01-09,14,4
Abila Zacharo,20.73,1874.0,L4424,2014-01-09,13,40
Abila Zacharo,14.37,7819.0,L5259,2014-01-09,14,15
Brew've Been Served,5.3,7384.0,L3800,2014-01-09,7,48
Guy's Gyros,35.05,7384.0,L3800,2014-01-09,20,39
Kalami Kafenion,18.14,7384.0,L3800,2014-01-09,13,38
Guy's Gyros,15.0,9617.0,L5553,2014-01-09,13,44
Hallowed Grounds,18.48,9617.0,L5553,2014-01-09,7,57
Hippokampos,24.96,6895.0,L3366,2014-01-09,21,1
Guy's Gyros,29.96,6816.0,L8148,2014-01-09,19,52
Ouzeri Elian,22.4,6816.0,L8148,2014-01-09,13,23
Abila Airport,2358.22,3506.0,L7761,2014-01-09,9,26
Stewart and Sons Fabrication,1015.65,3506.0,L7761,2014-01-09,10,38
Brew've Been Served,17.64,1286.0,L3572,2014-01-09,8,14
Guy's Gyros,18.26,1286.0,L3572,2014-01-09,20,24
Abila Zacharo,8.16,3484.0,L2490,2014-01-09,13,24
Frydos Autosupply n' More,138.02,3484.0,L2490,2014-01-09,19,32
Abila Airport,4538.52,8642.0,L2769,2014-01-09,15,50
Brew've Been Served,6.21,4434.0,L2169,2014-01-09,8,0
Guy's Gyros,31.31,4434.0,L2169,2014-01-09,21,9
Carlyle Chemical Inc.,529.47,7792.0,L5756,2014-01-09,9,54
Carlyle Chemical Inc.,382.43,7792.0,L5756,2014-01-09,14,26
Carlyle Chemical Inc.,2176.2,7792.0,L5756,2014-01-09,16,22
Katerina Cafè,16.98,7792.0,L5756,2014-01-09,13,23
Nationwide Refinery,289.3,7792.0,L5756,2014-01-09,11,34
Nationwide Refinery,674.28,9735.0,L9633,2014-01-09,10,16
Stewart and Sons Fabrication,3544.0,9735.0,L9633,2014-01-09,11,37
Carlyle Chemical Inc.,732.82,4530.0,L8477,2014-01-09,11,21
Kronos Pipe and Irrigation,423.14,4530.0,L8477,2014-01-09,14,28
Maximum Iron and Steel,1527.14,4530.0,L8477,2014-01-09,15,16
Coffee Cameleon,16.13,2142.0,L9637,2014-01-09,8,3
Hallowed Grounds,17.56,1310.0,L8012,2014-01-09,7,37
Hippokampos,13.84,1310.0,L8012,2014-01-09,13,51
Katerina Cafè,8.57,1310.0,L8012,2014-01-09,21,18
Abila Zacharo,48.39,1286.0,L3288,2014-01-09,13,47
Katerina Cafè,19.02,3492.0,L7814,2014-01-09,20,8
Gelatogalore,11.94,9405.0,L3259,2014-01-09,13,40
Coffee Cameleon,19.99,5921.0,L3295,2014-01-09,7,37
Guy's Gyros,17.44,5921.0,L3295,2014-01-09,14,13
Katerina Cafè,26.6,5921.0,L3295,2014-01-09,19,30
Katerina Cafè,26.6,4948.0,L3295,2014-01-09,20,6
Brew've Been Served,19.47,6901.0,L9363,2014-01-09,7,58
Abila Scrapyard,1158.36,2276.0,L3317,2014-01-09,14,12
Abila Airport,4792.5,2276.0,L3317,2014-01-09,13,18
Nationwide Refinery,1322.5,2276.0,L3317,2014-01-09,16,27
Stewart and Sons Fabrication,918.6,2276.0,L3317,2014-01-09,15,0
Hippokampos,23.66,8156.0,L5224,2014-01-09,21,12
Katerina Cafè,25.85,8156.0,L5224,2014-01-09,13,27
Hippokampos,27.93,9683.0,L7291,2014-01-09,13,36
Brew've Been Served,5.13,4795.0,L8566,2014-01-09,7,48
Gelatogalore,23.45,4795.0,L8566,2014-01-09,13,21
General Grocer,285.34,4795.0,L8566,2014-01-09,20,19
Guy's Gyros,31.81,7354.0,L9254,2014-01-09,19,41
Abila Zacharo,8.6,2463.0,L6886,2014-01-09,13,32
Hippokampos,9.13,2463.0,L6886,2014-01-09,20,41
Bean There Done That,15.39,1415.0,L7783,2014-01-10,12,0
Gelatogalore,26.15,1415.0,L7783,2014-01-10,13,35
Bean There Done That,3.92,9635.0,L3191,2014-01-10,12,0
Guy's Gyros,31.5,9635.0,L3191,2014-01-10,13,47
Brewed Awakenings,13.82,7688.0,L4164,2014-01-10,12,0
Katerina Cafè,34.76,7688.0,L4164,2014-01-10,13,30
Jack's Magical Beans,15.69,6899.0,L6267,2014-01-10,12,0
Ouzeri Elian,19.92,6899.0,L6267,2014-01-10,18,52
Coffee Cameleon,8.51,7253.0,L1682,2014-01-10,7,40
Guy's Gyros,15.93,7253.0,L1682,2014-01-10,13,27
Octavio's Office Supplies,64.51,7253.0,L1682,2014-01-10,16,7
Brew've Been Served,14.45,3853.0,L1485,2014-01-10,8,9
Ouzeri Elian,35.24,3853.0,L1485,2014-01-10,13,35
Brewed Awakenings,6.17,2540.0,L5947,2014-01-10,12,0
Hallowed Grounds,10.34,7889.0,L6119,2014-01-10,7,49
Bean There Done That,13.41,1877.0,L3014,2014-01-10,12,0
Ouzeri Elian,15.25,1877.0,L3014,2014-01-10,13,50
Brewed Awakenings,13.9,8332.0,L2070,2014-01-10,12,0
Hippokampos,17.21,8332.0,L2070,2014-01-10,20,50
Bean There Done That,18.67,1321.0,L4149,2014-01-10,12,0
Guy's Gyros,31.05,1321.0,L4149,2014-01-10,13,52
Hallowed Grounds,10.76,7108.0,L6544,2014-01-10,7,50
Abila Zacharo,8.22,1874.0,L4424,2014-01-10,13,59
Hallowed Grounds,12.03,1874.0,L4424,2014-01-10,7,41
Abila Zacharo,36.38,7819.0,L5259,2014-01-10,14,3
Brew've Been Served,3.03,7819.0,L5259,2014-01-10,8,9
Shoppers' Delight,279.53,7819.0,L5259,2014-01-10,20,17
Guy's Gyros,26.68,7384.0,L3800,2014-01-10,13,38
Hallowed Grounds,8.34,9617.0,L5553,2014-01-10,7,41
Ouzeri Elian,30.93,9617.0,L5553,2014-01-10,14,7
Albert's Fine Clothing,126.13,6895.0,L3366,2014-01-10,20,11
Bean There Done That,9.3,6895.0,L3366,2014-01-10,12,0
Katerina Cafè,25.62,6895.0,L3366,2014-01-10,13,47
Brew've Been Served,15.85,6816.0,L8148,2014-01-10,7,35
Guy's Gyros,26.76,6816.0,L8148,2014-01-10,13,25
Guy's Gyros,23.61,6816.0,L8148,2014-01-10,19,45
Carlyle Chemical Inc.,227.81,9614.0,L5924,2014-01-10,9,9
Stewart and Sons Fabrication,4195.49,9614.0,L5924,2014-01-10,12,10
Brew've Been Served,5.89,1286.0,L3572,2014-01-10,8,1
Brew've Been Served,5.01,3484.0,L2490,2014-01-10,7,45
Kalami Kafenion,35.69,3484.0,L2490,2014-01-10,13,30
Brew've Been Served,12.64,4434.0,L2169,2014-01-10,8,17
General Grocer,227.28,4434.0,L2169,2014-01-10,21,28
Kalami Kafenion,24.3,4434.0,L2169,2014-01-10,13,53
Nationwide Refinery,1552.82,9735.0,L9633,2014-01-10,10,0
Stewart and Sons Fabrication,4074.1,9735.0,L9633,2014-01-10,11,49
Katerina Cafè,24.33,2142.0,L9637,2014-01-10,13,47
Abila Zacharo,36.73,1310.0,L8012,2014-01-10,13,36
Hallowed Grounds,11.49,1310.0,L8012,2014-01-10,7,41
Jack's Magical Beans,16.29,9241.0,L3288,2014-01-10,12,0
Kalami Kafenion,101.5,9241.0,L3288,2014-01-10,13,35
Abila Zacharo,16.12,3492.0,L7814,2014-01-10,14,1
Brew've Been Served,13.32,9405.0,L3259,2014-01-10,7,48
Katerina Cafè,15.76,9405.0,L3259,2014-01-10,20,8
Ouzeri Elian,20.46,9405.0,L3259,2014-01-10,13,44
Coffee Cameleon,11.54,5921.0,L3295,2014-01-10,7,47
Katerina Cafè,21.89,5921.0,L3295,2014-01-10,19,56
Brew've Been Served,5.31,6901.0,L9363,2014-01-10,8,1
Guy's Gyros,29.81,6901.0,L9363,2014-01-10,20,9
Hippokampos,39.89,6901.0,L9363,2014-01-10,13,58
Guy's Gyros,36.44,8156.0,L5224,2014-01-10,13,12
Jack's Magical Beans,5.46,8156.0,L5224,2014-01-10,12,0
Guy's Gyros,27.78,4795.0,L8566,2014-01-10,19,54
Octavio's Office Supplies,139.72,4795.0,L8566,2014-01-10,14,41
Katerina Cafè,25.36,7354.0,L9254,2014-01-10,13,36
Hippokampos,32.01,2463.0,L6886,2014-01-10,13,40
Hippokampos,70.23,1415.0,L7783,2014-01-11,20,23
Hippokampos,67.37,9635.0,L3191,2014-01-11,19,53
Frydos Autosupply n' More,52.73,7688.0,L4164,2014-01-11,16,9
Hippokampos,66.21,7688.0,L4164,2014-01-11,19,26
Ouzeri Elian,69.36,6899.0,L6267,2014-01-11,19,21
Abila Zacharo,89.54,2540.0,L5947,2014-01-11,13,33
Katerina Cafè,57.36,2540.0,L5947,2014-01-11,19,40
Katerina Cafè,12.55,7889.0,L6119,2014-01-11,19,50
Hippokampos,63.21,4795.0,L2070,2014-01-11,19,29
Hippokampos,63.21,8332.0,L2070,2014-01-11,19,45
Katerina Cafè,23.45,1321.0,L4149,2014-01-11,13,50
Kalami Kafenion,39.36,7108.0,L6544,2014-01-11,14,16
Kalami Kafenion,23.86,7819.0,L5259,2014-01-11,19,17
Guy's Gyros,33.65,7384.0,L3800,2014-01-11,20,6
Gelatogalore,17.31,9617.0,L5553,2014-01-11,13,35
Katerina Cafè,55.67,9617.0,L5553,2014-01-11,19,8
Katerina Cafè,29.1,6895.0,L3366,2014-01-11,13,32
Katerina Cafè,71.65,3484.0,L2490,2014-01-11,13,43
Albert's Fine Clothing,211.47,4434.0,L2169,2014-01-11,16,1
Katerina Cafè,26.02,2142.0,L9637,2014-01-11,14,17
Katerina Cafè,33.18,2142.0,L9637,2014-01-11,19,31
Abila Zacharo,54.82,1310.0,L8012,2014-01-11,13,32
Katerina Cafè,45.68,1310.0,L8012,2014-01-11,19,51
Kalami Kafenion,50.2,1286.0,L3288,2014-01-11,20,4
Katerina Cafè,9.78,9405.0,L3259,2014-01-11,20,13
Abila Zacharo,45.2,6901.0,L9363,2014-01-11,14,19
Frydos Autosupply n' More,261.0,6901.0,L9363,2014-01-11,20,26
Albert's Fine Clothing,105.33,8156.0,L5224,2014-01-11,19,27
Katerina Cafè,45.22,8156.0,L5224,2014-01-11,13,19
Hippokampos,32.63,9683.0,L7291,2014-01-11,19,27
Ahaggo Museum,89.32,4795.0,L8566,2014-01-11,16,24
Hippokampos,63.21,4795.0,L8566,2014-01-11,19,29
Hippokampos,63.21,8332.0,L8566,2014-01-11,19,45
Guy's Gyros,16.33,7354.0,L9254,2014-01-11,20,9
Hippokampos,66.63,1415.0,L7783,2014-01-12,19,29
Hippokampos,78.21,9635.0,L3191,2014-01-12,20,5
Hippokampos,63.32,7688.0,L4164,2014-01-12,20,38
Ouzeri Elian,55.55,6899.0,L6267,2014-01-12,19,59
Katerina Cafè,11.81,7253.0,L1682,2014-01-12,19,21
Guy's Gyros,34.41,3853.0,L1485,2014-01-12,19,32
Hippokampos,8.54,7889.0,L6119,2014-01-12,13,54
Katerina Cafè,12.64,7889.0,L6119,2014-01-12,19,18
Albert's Fine Clothing,63.36,1877.0,L3014,2014-01-12,19,58
Desafio Golf Course,198.46,8332.0,L2070,2014-01-12,14,14
Hippokampos,26.79,8332.0,L2070,2014-01-12,19,44
Ouzeri Elian,38.55,8332.0,L2070,2014-01-12,13,3
Hippokampos,27.15,1321.0,L4149,2014-01-12,19,22
Guy's Gyros,42.32,7108.0,L6544,2014-01-12,19,26
Hippokampos,12.57,1874.0,L4424,2014-01-12,14,4
Ouzeri Elian,24.72,7819.0,L5259,2014-01-12,13,28
Shoppers' Delight,204.37,7819.0,L5259,2014-01-12,15,32
Shoppers' Delight,211.03,7384.0,L3800,2014-01-12,19,26
Hippokampos,49.23,6895.0,L3366,2014-01-12,19,35
Shoppers' Delight,86.22,1286.0,L3572,2014-01-12,15,24
Albert's Fine Clothing,195.81,2142.0,L9637,2014-01-12,15,49
Hippokampos,12.55,2142.0,L9637,2014-01-12,13,25
Ouzeri Elian,72.32,1310.0,L8012,2014-01-12,13,30
Shoppers' Delight,135.78,1310.0,L8012,2014-01-12,15,10
Gelatogalore,36.2,1286.0,L3288,2014-01-12,19,50
Kalami Kafenion,14.59,3492.0,L7814,2014-01-12,13,55
Katerina Cafè,15.37,9405.0,L3259,2014-01-12,20,12
Katerina Cafè,67.14,3547.0,L9362,2014-01-12,20,11
Shoppers' Delight,51.5,3547.0,L9362,2014-01-12,16,8
Ahaggo Museum,120.2,6901.0,L9363,2014-01-12,16,27
Guy's Gyros,34.74,6901.0,L9363,2014-01-12,13,31
Hippokampos,52.21,8156.0,L5224,2014-01-12,19,51
Ouzeri Elian,117.22,8156.0,L5224,2014-01-12,13,32
Abila Zacharo,11.2,9683.0,L7291,2014-01-12,13,45
Desafio Golf Course,129.33,2463.0,L6886,2014-01-12,13,45
Hippokampos,30.51,9551.0,L5777,2014-01-13,13,28
Ouzeri Elian,28.75,9551.0,L5777,2014-01-13,19,30
Bean There Done That,7.93,1415.0,L7783,2014-01-13,12,0
Gelatogalore,36.93,1415.0,L7783,2014-01-13,13,41
Hippokampos,31.59,1415.0,L7783,2014-01-13,20,42
Abila Zacharo,11.99,9635.0,L3191,2014-01-13,13,42
Albert's Fine Clothing,288.0,7688.0,L4164,2014-01-13,20,35
Brewed Awakenings,12.69,7688.0,L4164,2014-01-13,12,0
Jack's Magical Beans,18.31,6899.0,L6267,2014-01-13,12,0
Katerina Cafè,26.15,6899.0,L6267,2014-01-13,13,34
Coffee Cameleon,4.88,7253.0,L1682,2014-01-13,8,2
Hippokampos,35.73,7253.0,L1682,2014-01-13,13,24
Shoppers' Delight,216.43,3853.0,L1485,2014-01-13,19,27
Guy's Gyros,27.49,2540.0,L5947,2014-01-13,13,33
Hallowed Grounds,9.16,7889.0,L6119,2014-01-13,7,32
Bean There Done That,19.56,1877.0,L3014,2014-01-13,12,0
Ouzeri Elian,29.75,1877.0,L3014,2014-01-13,14,6
Brewed Awakenings,16.25,8332.0,L2070,2014-01-13,12,0
Hippokampos,31.47,8332.0,L2070,2014-01-13,21,12
Abila Zacharo,27.3,1321.0,L4149,2014-01-13,13,34
Albert's Fine Clothing,49.48,1321.0,L4149,2014-01-13,20,42
Bean There Done That,5.54,1321.0,L4149,2014-01-13,12,0
Guy's Gyros,37.5,7108.0,L6544,2014-01-13,20,59
Hallowed Grounds,19.18,7108.0,L6544,2014-01-13,7,54
Bean There Done That,10.37,1874.0,L4424,2014-01-13,12,0
Katerina Cafè,8.29,1874.0,L4424,2014-01-13,13,40
Katerina Cafè,27.59,1874.0,L4424,2014-01-13,21,0
Abila Zacharo,17.41,7819.0,L5259,2014-01-13,13,51
Brew've Been Served,6.69,7819.0,L5259,2014-01-13,8,22
Guy's Gyros,15.84,7819.0,L5259,2014-01-13,20,18
Brew've Been Served,8.04,7384.0,L3800,2014-01-13,7,38
Guy's Gyros,36.89,7384.0,L3800,2014-01-13,20,15
Bean There Done That,15.24,9617.0,L5553,2014-01-13,12,0
Hippokampos,25.09,9617.0,L5553,2014-01-13,14,4
Bean There Done That,18.59,6895.0,L3366,2014-01-13,12,0
Carlyle Chemical Inc.,1718.96,9220.0,L4063,2014-01-13,12,0
Abila Airport,3617.47,9220.0,L4063,2014-01-13,8,15
Maximum Iron and Steel,689.85,9220.0,L4063,2014-01-13,10,20
Ouzeri Elian,19.82,9220.0,L4063,2014-01-13,12,55
Brew've Been Served,11.49,1286.0,L3572,2014-01-13,8,7
Abila Airport,4417.03,8642.0,L2769,2014-01-13,12,11
Abila Airport,2228.08,8642.0,L2769,2014-01-13,16,56
Brew've Been Served,16.05,4434.0,L2169,2014-01-13,8,4
Hippokampos,17.17,4434.0,L2169,2014-01-13,12,27
Nationwide Refinery,204.58,9735.0,L9633,2014-01-13,10,12
Coffee Cameleon,17.76,2142.0,L9637,2014-01-13,8,12
Guy's Gyros,37.37,2142.0,L9637,2014-01-13,13,39
Katerina Cafè,35.7,2142.0,L9637,2014-01-13,20,24
Ouzeri Elian,8.32,1310.0,L8012,2014-01-13,13,48
Abila Zacharo,64.5,1286.0,L3288,2014-01-13,13,21
Jack's Magical Beans,5.22,9241.0,L3288,2014-01-13,12,0
Hallowed Grounds,13.68,3492.0,L7814,2014-01-13,7,43
Katerina Cafè,24.26,3492.0,L7814,2014-01-13,13,48
Hallowed Grounds,5.85,9405.0,L3259,2014-01-13,7,44
Katerina Cafè,33.11,9405.0,L3259,2014-01-13,21,16
Coffee Cameleon,19.93,3547.0,L9362,2014-01-13,7,40
Katerina Cafè,29.55,3547.0,L9362,2014-01-13,13,52
Guy's Gyros,12.76,6901.0,L9363,2014-01-13,14,13
Shoppers' Delight,144.4,6901.0,L9363,2014-01-13,20,45
Gelatogalore,32.83,8156.0,L5224,2014-01-13,13,3
Jack's Magical Beans,9.64,8156.0,L5224,2014-01-13,12,0
Abila Zacharo,8.72,9683.0,L7291,2014-01-13,13,27
Brew've Been Served,8.0,9683.0,L7291,2014-01-13,7,40
Brew've Been Served,18.71,4795.0,L8566,2014-01-13,7,43
Guy's Gyros,20.47,4795.0,L8566,2014-01-13,20,11
Brew've Been Served,19.64,7354.0,L9254,2014-01-13,7,53
Guy's Gyros,22.34,7354.0,L9254,2014-01-13,20,9
Guy's Gyros,29.25,2463.0,L6886,2014-01-13,13,40
Hippokampos,29.22,2463.0,L6886,2014-01-13,20,35
Jack's Magical Beans,17.52,2463.0,L6886,2014-01-13,12,0
Bean There Done That,7.28,1415.0,L7783,2014-01-14,12,0
Hippokampos,39.64,1415.0,L7783,2014-01-14,19,44
Albert's Fine Clothing,228.72,9635.0,L3191,2014-01-14,20,50
Bean There Done That,19.37,9635.0,L3191,2014-01-14,12,0
Kalami Kafenion,17.38,9635.0,L3191,2014-01-14,13,24
Brewed Awakenings,17.14,7688.0,L4164,2014-01-14,12,0
Ouzeri Elian,11.86,6899.0,L6267,2014-01-14,20,32
Coffee Cameleon,15.63,7253.0,L1682,2014-01-14,7,53
Hippokampos,36.01,7253.0,L1682,2014-01-14,13,17
Brew've Been Served,6.45,3853.0,L1485,2014-01-14,7,48
Hippokampos,19.07,3853.0,L1485,2014-01-14,13,37
Brewed Awakenings,8.3,2540.0,L5947,2014-01-14,12,0
Chostus Hotel,109.54,2540.0,L5947,2014-01-14,13,17
Hippokampos,22.13,2540.0,L5947,2014-01-14,21,31
Hallowed Grounds,10.75,7889.0,L6119,2014-01-14,7,35
Brewed Awakenings,11.35,8332.0,L2070,2014-01-14,12,0
Kalami Kafenion,15.15,8332.0,L2070,2014-01-14,13,24
Kalami Kafenion,15.27,1321.0,L4149,2014-01-14,13,51
Hallowed Grounds,13.0,7108.0,L6544,2014-01-14,7,45
Guy's Gyros,16.35,1874.0,L4424,2014-01-14,13,44
Hallowed Grounds,19.99,1874.0,L4424,2014-01-14,7,54
Katerina Cafè,12.65,1874.0,L4424,2014-01-14,20,26
Brew've Been Served,11.94,7819.0,L5259,2014-01-14,7,58
Guy's Gyros,25.28,7819.0,L5259,2014-01-14,20,29
Katerina Cafè,33.54,7819.0,L5259,2014-01-14,13,58
Brew've Been Served,8.24,7384.0,L3800,2014-01-14,7,53
Gelatogalore,27.26,7384.0,L3800,2014-01-14,13,32
Guy's Gyros,12.96,7384.0,L3800,2014-01-14,20,19
Guy's Gyros,38.26,9617.0,L5553,2014-01-14,13,49
Katerina Cafè,18.35,9617.0,L5553,2014-01-14,21,10
Bean There Done That,5.9,6895.0,L3366,2014-01-14,12,0
Katerina Cafè,10.03,6895.0,L3366,2014-01-14,13,22
Abila Zacharo,8.41,6816.0,L8148,2014-01-14,13,38
Brew've Been Served,3.66,6816.0,L8148,2014-01-14,7,53
Brew've Been Served,3.21,1286.0,L3572,2014-01-14,8,3
Albert's Fine Clothing,50.77,3484.0,L2490,2014-01-14,20,5
Brew've Been Served,10.96,3484.0,L2490,2014-01-14,7,45
Abila Airport,228.41,8642.0,L2769,2014-01-14,12,30
Abila Zacharo,24.87,4434.0,L2169,2014-01-14,14,3
Frydos Autosupply n' More,42.72,4434.0,L2169,2014-01-14,20,33
Carlyle Chemical Inc.,3630.57,7792.0,L5756,2014-01-14,9,34
Carlyle Chemical Inc.,3470.99,7792.0,L5756,2014-01-14,16,16
Nationwide Refinery,570.95,7792.0,L5756,2014-01-14,11,45
Nationwide Refinery,965.72,9735.0,L9633,2014-01-14,10,3
Stewart and Sons Fabrication,278.52,9735.0,L9633,2014-01-14,11,55
Coffee Cameleon,7.84,2142.0,L9637,2014-01-14,7,56
Abila Zacharo,10.24,1310.0,L8012,2014-01-14,13,37
Hallowed Grounds,4.59,1310.0,L8012,2014-01-14,7,42
Guy's Gyros,50.4,1286.0,L3288,2014-01-14,13,59
Kalami Kafenion,23.1,3492.0,L7814,2014-01-14,13,42
Katerina Cafè,11.89,3492.0,L7814,2014-01-14,20,34
Abila Zacharo,15.26,9405.0,L3259,2014-01-14,13,35
Brew've Been Served,16.53,9405.0,L3259,2014-01-14,7,45
Coffee Cameleon,9.8,3547.0,L9362,2014-01-14,7,37
Katerina Cafè,36.95,3547.0,L9362,2014-01-14,20,17
Brew've Been Served,12.31,6901.0,L9363,2014-01-14,8,13
Frydos Autosupply n' More,146.74,6901.0,L9363,2014-01-14,20,43
Hippokampos,17.18,6901.0,L9363,2014-01-14,13,57
Abila Scrapyard,4277.4,2276.0,L3317,2014-01-14,14,13
Nationwide Refinery,4429.76,2276.0,L3317,2014-01-14,16,28
Katerina Cafè,29.12,8156.0,L5224,2014-01-14,13,14
Brew've Been Served,5.87,9683.0,L7291,2014-01-14,7,40
Chostus Hotel,113.08,9683.0,L7291,2014-01-14,13,21
Brew've Been Served,4.72,4795.0,L8566,2014-01-14,7,31
Guy's Gyros,23.59,4795.0,L8566,2014-01-14,20,1
Katerina Cafè,29.1,4795.0,L8566,2014-01-14,13,34
Brew've Been Served,7.31,7354.0,L9254,2014-01-14,7,35
Guy's Gyros,26.14,7354.0,L9254,2014-01-14,21,31
Katerina Cafè,20.95,7354.0,L9254,2014-01-14,13,32
Gelatogalore,39.17,2463.0,L6886,2014-01-14,13,33
Hippokampos,9.55,2463.0,L6886,2014-01-14,20,22
Guy's Gyros,14.37,1415.0,L7783,2014-01-15,13,22
Bean There Done That,5.34,9635.0,L3191,2014-01-15,12,0
Hippokampos,35.12,9635.0,L3191,2014-01-15,20,10
Abila Zacharo,23.51,7688.0,L4164,2014-01-15,13,26
Hippokampos,13.0,6899.0,L6267,2014-01-15,13,24
Ouzeri Elian,23.18,6899.0,L6267,2014-01-15,20,29
Coffee Cameleon,5.49,7253.0,L1682,2014-01-15,7,56
Katerina Cafè,13.77,7253.0,L1682,2014-01-15,21,5
Ouzeri Elian,8.93,7253.0,L1682,2014-01-15,13,10
Brew've Been Served,15.58,3853.0,L1485,2014-01-15,8,2
Gelatogalore,31.21,3853.0,L1485,2014-01-15,13,55
Frydos Autosupply n' More,18.91,2540.0,L5947,2014-01-15,19,52
Abila Zacharo,31.0,7889.0,L6119,2014-01-15,13,22
Hippokampos,32.4,1877.0,L3014,2014-01-15,13,42
Hippokampos,16.37,1877.0,L3014,2014-01-15,20,24
Brewed Awakenings,3.62,8332.0,L2070,2014-01-15,12,0
Hippokampos,36.7,8332.0,L2070,2014-01-15,13,12
Bean There Done That,18.96,1321.0,L4149,2014-01-15,12,0
Hippokampos,10.35,1321.0,L4149,2014-01-15,20,23
Ouzeri Elian,36.47,1321.0,L4149,2014-01-15,13,31
Hallowed Grounds,12.17,7108.0,L6544,2014-01-15,7,44
Ouzeri Elian,22.86,7108.0,L6544,2014-01-15,13,42
Kalami Kafenion,26.17,1874.0,L4424,2014-01-15,13,35
Brew've Been Served,6.58,7819.0,L5259,2014-01-15,7,48
Gelatogalore,39.4,7819.0,L5259,2014-01-15,13,58
Brew've Been Served,3.71,7384.0,L3800,2014-01-15,7,34
Guy's Gyros,25.58,9617.0,L5553,2014-01-15,14,0
Hallowed Grounds,5.28,9617.0,L5553,2014-01-15,7,36
Katerina Cafè,11.45,9617.0,L5553,2014-01-15,20,5
Bean There Done That,15.24,6895.0,L3366,2014-01-15,12,0
Brew've Been Served,15.5,6816.0,L8148,2014-01-15,7,36
Guy's Gyros,36.35,6816.0,L8148,2014-01-15,20,8
Brew've Been Served,11.23,1286.0,L3572,2014-01-15,7,49
Guy's Gyros,27.01,1286.0,L3572,2014-01-15,21,5
Brew've Been Served,14.06,3484.0,L2490,2014-01-15,7,58
Ouzeri Elian,12.9,3484.0,L2490,2014-01-15,13,22
Abila Airport,3152.41,8642.0,L2769,2014-01-15,12,25
Abila Airport,875.87,8642.0,L2769,2014-01-15,15,40
Guy's Gyros,31.04,4434.0,L2169,2014-01-15,19,55
Carlyle Chemical Inc.,3608.08,7792.0,L5756,2014-01-15,9,34
Carlyle Chemical Inc.,1112.04,7792.0,L5756,2014-01-15,14,25
Carlyle Chemical Inc.,1392.73,7792.0,L5756,2014-01-15,17,1
Katerina Cafè,24.15,7792.0,L5756,2014-01-15,13,13
Nationwide Refinery,3004.98,7792.0,L5756,2014-01-15,11,55
Nationwide Refinery,1391.24,9735.0,L9633,2014-01-15,10,14
Kronos Pipe and Irrigation,2564.0,4530.0,L8477,2014-01-15,14,12
Maximum Iron and Steel,4788.22,4530.0,L8477,2014-01-15,15,11
Coffee Cameleon,19.93,2142.0,L9637,2014-01-15,7,45
Guy's Gyros,15.89,2142.0,L9637,2014-01-15,13,44
Katerina Cafè,12.12,1310.0,L8012,2014-01-15,14,0
Katerina Cafè,39.63,1310.0,L8012,2014-01-15,20,23
Jack's Magical Beans,5.3,9241.0,L3288,2014-01-15,12,0
Katerina Cafè,55.6,1286.0,L3288,2014-01-15,13,27
Ouzeri Elian,28.86,9241.0,L3288,2014-01-15,19,18
Abila Zacharo,24.53,3492.0,L7814,2014-01-15,14,2
Hallowed Grounds,14.33,3492.0,L7814,2014-01-15,7,59
Katerina Cafè,39.23,3492.0,L7814,2014-01-15,19,50
Brew've Been Served,11.47,9405.0,L3259,2014-01-15,7,45
Abila Zacharo,33.8,3547.0,L9362,2014-01-15,13,58
Coffee Cameleon,14.47,3547.0,L9362,2014-01-15,7,51
Katerina Cafè,27.48,3547.0,L9362,2014-01-15,21,21
Brew've Been Served,18.58,6901.0,L9363,2014-01-15,8,14
Kalami Kafenion,28.82,6901.0,L9363,2014-01-15,14,13
Hippokampos,37.16,8156.0,L5224,2014-01-15,21,42
Kalami Kafenion,22.39,8156.0,L5224,2014-01-15,13,8
Brew've Been Served,19.87,9683.0,L7291,2014-01-15,7,40
Frydos Autosupply n' More,235.27,9683.0,L7291,2014-01-15,20,4
Brew've Been Served,4.92,4795.0,L8566,2014-01-15,7,57
Guy's Gyros,28.75,7354.0,L9254,2014-01-15,20,2
Gelatogalore,9.61,2463.0,L6886,2014-01-15,13,39
Jack's Magical Beans,19.54,2463.0,L6886,2014-01-15,12,0
Guy's Gyros,10.27,9551.0,L5777,2014-01-16,13,28
Hallowed Grounds,12.19,9551.0,L5777,2014-01-16,8,5
Ouzeri Elian,9.91,9551.0,L5777,2014-01-16,20,28
Bean There Done That,19.82,1415.0,L7783,2014-01-16,12,0
Hippokampos,31.14,1415.0,L7783,2014-01-16,13,36
Bean There Done That,12.33,9635.0,L3191,2014-01-16,12,0
Hippokampos,20.84,7688.0,L4164,2014-01-16,21,13
Katerina Cafè,27.82,7688.0,L4164,2014-01-16,13,19
Hippokampos,36.17,6899.0,L6267,2014-01-16,13,26
Jack's Magical Beans,9.12,6899.0,L6267,2014-01-16,12,0
Ouzeri Elian,23.89,6899.0,L6267,2014-01-16,20,25
Hippokampos,16.53,7253.0,L1682,2014-01-16,13,30
Brew've Been Served,5.82,3853.0,L1485,2014-01-16,8,2
Ouzeri Elian,12.47,3853.0,L1485,2014-01-16,13,45
Brewed Awakenings,6.53,2540.0,L5947,2014-01-16,12,0
Hippokampos,10.38,2540.0,L5947,2014-01-16,13,30
Guy's Gyros,31.48,7889.0,L6119,2014-01-16,13,23
Hallowed Grounds,13.84,7889.0,L6119,2014-01-16,7,44
Katerina Cafè,10.93,7889.0,L6119,2014-01-16,19,39
Bean There Done That,5.56,1877.0,L3014,2014-01-16,12,0
Guy's Gyros,32.8,1877.0,L3014,2014-01-16,14,5
Brewed Awakenings,6.39,8332.0,L2070,2014-01-16,12,0
Hippokampos,17.66,8332.0,L2070,2014-01-16,13,19
Hippokampos,14.89,1321.0,L4149,2014-01-16,13,43
Hippokampos,29.13,1321.0,L4149,2014-01-16,20,13
Guy's Gyros,11.31,7108.0,L6544,2014-01-16,20,35
Hallowed Grounds,18.2,7108.0,L6544,2014-01-16,7,44
Frydos Autosupply n' More,53.37,1874.0,L4424,2014-01-16,19,45
Gelatogalore,32.4,1874.0,L4424,2014-01-16,13,48
Hallowed Grounds,7.22,1874.0,L4424,2014-01-16,7,54
Albert's Fine Clothing,91.71,7819.0,L5259,2014-01-16,20,25
Brew've Been Served,16.9,7819.0,L5259,2014-01-16,8,19
Guy's Gyros,29.7,7819.0,L5259,2014-01-16,13,42
Brew've Been Served,7.31,7384.0,L3800,2014-01-16,7,50
Guy's Gyros,25.57,7384.0,L3800,2014-01-16,19,4
Kalami Kafenion,8.86,7384.0,L3800,2014-01-16,13,49
Hippokampos,29.93,9617.0,L5553,2014-01-16,13,48
Katerina Cafè,13.91,9617.0,L5553,2014-01-16,20,23
Bean There Done That,17.4,6895.0,L3366,2014-01-16,12,0
Brew've Been Served,12.83,6816.0,L8148,2014-01-16,7,55
Guy's Gyros,13.48,6816.0,L8148,2014-01-16,13,44
Guy's Gyros,30.76,6816.0,L8148,2014-01-16,20,17
Abila Airport,1676.53,3506.0,L7761,2014-01-16,9,18
Nationwide Refinery,2047.28,3506.0,L7761,2014-01-16,12,32
Brew've Been Served,12.67,1286.0,L3572,2014-01-16,7,52
Shoppers' Delight,16.84,1286.0,L3572,2014-01-16,20,50
Brew've Been Served,19.9,3484.0,L2490,2014-01-16,7,36
Guy's Gyros,8.31,3484.0,L2490,2014-01-16,19,9
Katerina Cafè,34.02,3484.0,L2490,2014-01-16,13,27
Abila Airport,3917.3,8642.0,L2769,2014-01-16,12,40
Brew've Been Served,17.44,4434.0,L2169,2014-01-16,8,9
Gelatogalore,10.62,4434.0,L2169,2014-01-16,17,7
Roberts and Sons,155.76,4434.0,L2169,2014-01-16,20,25
Carlyle Chemical Inc.,419.93,7792.0,L5756,2014-01-16,9,52
Carlyle Chemical Inc.,1814.24,7792.0,L5756,2014-01-16,17,17
Katerina Cafè,34.9,7792.0,L5756,2014-01-16,13,23
Nationwide Refinery,4742.67,7792.0,L5756,2014-01-16,11,25
Nationwide Refinery,1494.44,9735.0,L9633,2014-01-16,10,16
Stewart and Sons Fabrication,4543.31,9735.0,L9633,2014-01-16,11,45
Katerina Cafè,19.44,2142.0,L9637,2014-01-16,20,36
Abila Zacharo,64.71,1286.0,L3288,2014-01-16,13,22
Jack's Magical Beans,14.86,9241.0,L3288,2014-01-16,12,0
Ouzeri Elian,29.99,9241.0,L3288,2014-01-16,21,16
Hallowed Grounds,17.74,3492.0,L7814,2014-01-16,7,44
Kalami Kafenion,11.83,3492.0,L7814,2014-01-16,13,48
Katerina Cafè,34.58,3492.0,L7814,2014-01-16,20,51
Gelatogalore,22.19,9405.0,L3259,2014-01-16,13,37
Abila Zacharo,31.31,3547.0,L9362,2014-01-16,13,27
Abila Zacharo,8.43,6901.0,L9363,2014-01-16,13,55
Guy's Gyros,28.27,6901.0,L9363,2014-01-16,20,9
Abila Scrapyard,1897.05,2276.0,L3317,2014-01-16,16,56
Abila Airport,3138.98,2276.0,L3317,2014-01-16,13,22
Jack's Magical Beans,12.56,8156.0,L5224,2014-01-16,12,0
Katerina Cafè,11.08,9683.0,L7291,2014-01-16,13,17
Brew've Been Served,4.7,4795.0,L8566,2014-01-16,7,53
Guy's Gyros,37.8,4795.0,L8566,2014-01-16,19,40
Brew've Been Served,8.18,7354.0,L9254,2014-01-16,7,34
Hippokampos,18.18,7354.0,L9254,2014-01-16,13,44
Roberts and Sons,240.66,7354.0,L9254,2014-01-16,20,52
Gelatogalore,12.33,2463.0,L6886,2014-01-16,13,33
Jack's Magical Beans,6.95,2463.0,L6886,2014-01-16,12,0
Hallowed Grounds,9.4,9551.0,L5777,2014-01-17,8,4
Ouzeri Elian,35.81,9551.0,L5777,2014-01-17,20,28
Bean There Done That,19.67,1415.0,L7783,2014-01-17,12,0
Bean There Done That,8.21,9635.0,L3191,2014-01-17,12,0
Gelatogalore,23.23,9635.0,L3191,2014-01-17,13,33
Hippokampos,12.86,9635.0,L3191,2014-01-17,21,58
Brewed Awakenings,8.16,7688.0,L4164,2014-01-17,12,0
Guy's Gyros,8.64,7688.0,L4164,2014-01-17,13,18
Hippokampos,11.93,7688.0,L4164,2014-01-17,20,54
Jack's Magical Beans,7.57,6899.0,L6267,2014-01-17,12,0
Ouzeri Elian,38.6,6899.0,L6267,2014-01-17,19,40
Coffee Cameleon,6.81,7253.0,L1682,2014-01-17,7,51
Kalami Kafenion,140.78,7253.0,L1682,2014-01-17,13,16
Katerina Cafè,19.09,7253.0,L1682,2014-01-17,20,20
Brew've Been Served,3.09,3853.0,L1485,2014-01-17,8,15
Guy's Gyros,39.14,3853.0,L1485,2014-01-17,13,38
Guy's Gyros,8.54,3853.0,L1485,2014-01-17,20,24
Hippokampos,8.92,2540.0,L5947,2014-01-17,20,3
Hallowed Grounds,14.58,7889.0,L6119,2014-01-17,7,33
Bean There Done That,19.56,1877.0,L3014,2014-01-17,12,0
Brewed Awakenings,6.0,8332.0,L2070,2014-01-17,12,0
Albert's Fine Clothing,1239.41,1321.0,L4149,2014-01-17,19,44
Bean There Done That,18.72,1321.0,L4149,2014-01-17,12,0
Katerina Cafè,13.11,1321.0,L4149,2014-01-17,13,48
Kalami Kafenion,27.73,7108.0,L6544,2014-01-17,13,58
Hallowed Grounds,18.6,1874.0,L4424,2014-01-17,7,52
Kalami Kafenion,20.02,1874.0,L4424,2014-01-17,13,51
Brew've Been Served,15.46,7819.0,L5259,2014-01-17,8,22
Gelatogalore,34.59,7819.0,L5259,2014-01-17,13,51
Guy's Gyros,8.31,7819.0,L5259,2014-01-17,20,21
Shoppers' Delight,155.01,7384.0,L3800,2014-01-17,20,5
Hallowed Grounds,15.98,9617.0,L5553,2014-01-17,7,39
Bean There Done That,5.77,6895.0,L3366,2014-01-17,12,0
Coffee Cameleon,9.16,6816.0,L8148,2014-01-17,7,52
Guy's Gyros,19.68,6816.0,L8148,2014-01-17,19,29
Hippokampos,15.77,6816.0,L8148,2014-01-17,13,31
Brew've Been Served,13.66,3484.0,L2490,2014-01-17,8,3
Guy's Gyros,22.18,3484.0,L2490,2014-01-17,13,21
Guy's Gyros,37.55,3484.0,L2490,2014-01-17,20,16
Katerina Cafè,35.52,4434.0,L2169,2014-01-17,13,53
Stewart and Sons Fabrication,1753.17,9735.0,L9633,2014-01-17,11,32
Abila Zacharo,14.51,2142.0,L9637,2014-01-17,13,41
Katerina Cafè,38.21,2142.0,L9637,2014-01-17,20,58
Hallowed Grounds,3.25,1310.0,L8012,2014-01-17,7,31
Katerina Cafè,21.22,1310.0,L8012,2014-01-17,20,7
Hippokampos,52.31,1286.0,L3288,2014-01-17,13,38
Jack's Magical Beans,19.11,9241.0,L3288,2014-01-17,12,0
Gelatogalore,21.62,3492.0,L7814,2014-01-17,13,57
Katerina Cafè,22.18,3492.0,L7814,2014-01-17,19,24
Brew've Been Served,16.62,9405.0,L3259,2014-01-17,8,4
Katerina Cafè,27.49,9405.0,L3259,2014-01-17,21,6
Coffee Cameleon,10.27,3547.0,L9362,2014-01-17,7,38
Katerina Cafè,21.01,3547.0,L9362,2014-01-17,13,42
Brew've Been Served,5.29,6901.0,L9363,2014-01-17,8,17
Guy's Gyros,16.83,6901.0,L9363,2014-01-17,19,46
Abila Zacharo,15.95,5010.0,L2459,2014-01-17,13,28
Hallowed Grounds,9.72,5010.0,L2459,2014-01-17,7,56
Gelatogalore,15.84,8156.0,L5224,2014-01-17,13,17
Chostus Hotel,114.22,9683.0,L7291,2014-01-17,13,49
Guy's Gyros,29.71,9683.0,L7291,2014-01-17,20,59
Brew've Been Served,19.39,4795.0,L8566,2014-01-17,7,59
Guy's Gyros,35.1,4795.0,L8566,2014-01-17,19,53
Hippokampos,14.57,4795.0,L8566,2014-01-17,13,27
Brew've Been Served,10.52,7354.0,L9254,2014-01-17,7,57
Hippokampos,38.19,2463.0,L6886,2014-01-17,21,29
Abila Zacharo,16.59,9551.0,L5777,2014-01-18,13,32
Hippokampos,72.5,1415.0,L7783,2014-01-18,20,11
Frank's Fuel,52.66,9635.0,L3191,2014-01-18,18,39
Katerina Cafè,96.36,7688.0,L4164,2014-01-18,14,3
Ouzeri Elian,57.63,6899.0,L6267,2014-01-18,19,21
Abila Zacharo,18.45,7253.0,L1682,2014-01-18,13,25
Roberts and Sons,62.47,7253.0,L1682,2014-01-18,15,41
Katerina Cafè,9.72,3853.0,L1485,2014-01-18,20,13
Katerina Cafè,8.14,7889.0,L6119,2014-01-18,19,30
Frydos Autosupply n' More,103.55,1877.0,L3014,2014-01-18,15,51
Hippokampos,63.21,8332.0,L2070,2014-01-18,19,42
Kalami Kafenion,24.14,1321.0,L4149,2014-01-18,13,58
Guy's Gyros,27.4,1874.0,L4424,2014-01-18,13,28
Katerina Cafè,22.74,1874.0,L4424,2014-01-18,19,31
Katerina Cafè,37.21,7819.0,L5259,2014-01-18,20,15
Ahaggo Museum,120.2,7384.0,L3800,2014-01-18,14,55
Guy's Gyros,47.89,9617.0,L5553,2014-01-18,14,5
Roberts and Sons,266.69,9617.0,L5553,2014-01-18,19,20
Albert's Fine Clothing,35.66,6895.0,L3366,2014-01-18,15,20
Hippokampos,27.21,6895.0,L3366,2014-01-18,19,35
Ouzeri Elian,33.57,6895.0,L3366,2014-01-18,13,18
Guy's Gyros,39.68,3484.0,L2490,2014-01-18,19,8
Katerina Cafè,19.3,3484.0,L2490,2014-01-18,13,34
Katerina Cafè,33.41,4434.0,L2169,2014-01-18,19,32
Katerina Cafè,33.63,1310.0,L8012,2014-01-18,19,54
Ahaggo Museum,55.55,1286.0,L3288,2014-01-18,14,51
Hippokampos,49.21,1286.0,L3288,2014-01-18,20,1
General Grocer,477.6,3547.0,L9362,2014-01-18,15,31
Katerina Cafè,76.1,3547.0,L9362,2014-01-18,19,53
General Grocer,108.49,6901.0,L9363,2014-01-18,20,7
Kalami Kafenion,53.36,6901.0,L9363,2014-01-18,14,17
Chostus Hotel,600.0,5010.0,L2459,2014-01-18,12,3
Abila Zacharo,111.93,8156.0,L5224,2014-01-18,13,4
Albert's Fine Clothing,226.49,8156.0,L5224,2014-01-18,18,59
Shoppers' Delight,258.33,8156.0,L5224,2014-01-18,15,40
Abila Zacharo,21.29,4795.0,L8566,2014-01-18,19,36
Katerina Cafè,19.31,7354.0,L9254,2014-01-18,20,9
Frydos Autosupply n' More,120.67,2463.0,L6886,2014-01-18,15,53
Hippokampos,53.21,2463.0,L6886,2014-01-18,19,36
Kalami Kafenion,38.91,2463.0,L6886,2014-01-18,13,28
Hippokampos,78.96,1415.0,L7783,2014-01-19,20,16
Hippokampos,101.25,9635.0,L3191,2014-01-19,19,43
Desafio Golf Course,145.72,7688.0,L4164,2014-01-19,12,57
Ouzeri Elian,67.98,6899.0,L6267,2014-01-19,19,48
Guy's Gyros,20.94,3853.0,L1485,2014-01-19,20,25
Albert's Fine Clothing,254.29,2540.0,L5947,2014-01-19,20,2
Katerina Cafè,34.03,7889.0,L6119,2014-01-19,19,53
Desafio Golf Course,190.91,8332.0,L2070,2014-01-19,13,51
Hippokampos,48.23,8332.0,L2070,2014-01-19,19,43
Guy's Gyros,36.87,7108.0,L6544,2014-01-19,20,14
Katerina Cafè,33.79,1874.0,L4424,2014-01-19,20,5
Guy's Gyros,65.21,7384.0,L3800,2014-01-19,19,45
Ouzeri Elian,45.32,7384.0,L3800,2014-01-19,14,8
Katerina Cafè,38.9,9617.0,L5553,2014-01-19,20,22
Gelatogalore,22.36,6895.0,L3366,2014-01-19,13,9
General Grocer,70.22,6895.0,L3366,2014-01-19,15,3
Hippokampos,46.32,6895.0,L3366,2014-01-19,19,44
Frydos Autosupply n' More,56.09,3484.0,L2490,2014-01-19,15,26
Guy's Gyros,58.35,3484.0,L2490,2014-01-19,19,45
Ouzeri Elian,23.65,3484.0,L2490,2014-01-19,13,27
Guy's Gyros,31.94,4434.0,L2169,2014-01-19,20,30
Katerina Cafè,26.76,4434.0,L2169,2014-01-19,13,53
Albert's Fine Clothing,274.66,2142.0,L9637,2014-01-19,15,39
Shoppers' Delight,30.39,2142.0,L9637,2014-01-19,19,56
Ahaggo Museum,26.91,9241.0,L3288,2014-01-19,13,26
Guy's Gyros,23.21,1286.0,L3288,2014-01-19,19,45
Frydos Autosupply n' More,98.04,9405.0,L3259,2014-01-19,19,45
Abila Zacharo,47.8,6901.0,L9363,2014-01-19,14,20
Guy's Gyros,39.6,6901.0,L9363,2014-01-19,20,51
Desafio Golf Course,148.22,5010.0,L2459,2014-01-19,15,46
Guy's Gyros,25.79,5010.0,L2459,2014-01-19,19,45
Desafio Golf Course,150.07,8156.0,L5224,2014-01-19,12,41
Guy's Gyros,37.48,9683.0,L7291,2014-01-19,20,16
Frydos Autosupply n' More,209.76,4795.0,L8566,2014-01-19,15,53
Katerina Cafè,70.22,4795.0,L8566,2014-01-19,13,23
Guy's Gyros,18.08,7354.0,L9254,2014-01-19,20,0
Katerina Cafè,35.01,7354.0,L9254,2014-01-19,13,0
Desafio Golf Course,110.02,2463.0,L6886,2014-01-19,15,15
Hippokampos,63.17,2463.0,L6886,2014-01-19,19,56
Hallowed Grounds,52.22,7108,No,2014-01-06,7,34
Coffee Cameleon,28.73,7253,No,2014-01-06,7,42
Brew've Been Served,32.83,9405,No,2014-01-06,7,52
Hallowed Grounds,16.88,7889,No,2014-01-06,7,54
Hallowed Grounds,32.93,2681,No,2014-01-06,7,54
Hallowed Grounds,9.69,6691,No,2014-01-06,8,0
Coffee Cameleon,3.2,2418,No,2014-01-06,8,14
Coffee Shack,51.51,7117,No,2014-01-06,12,0
Jack's Magical Beans,27.84,8156,No,2014-01-06,12,0
Abila Airport,1873.79,8642,No,2014-01-06,12,16
Katerina Cafè,13.68,8332,No,2014-01-06,12,56
Hippokampos,9.16,8156,No,2014-01-06,12,57
Abila Zacharo,106.93,2418,No,2014-01-06,13,18
Kalami Kafenion,70.1,3484,No,2014-01-06,13,19
Hippokampos,28.23,9551,No,2014-01-06,13,21
Abila Zacharo,92.05,7354,No,2014-01-06,13,35
Guy's Gyros,99.67,2463,No,2014-01-06,13,46
Kalami Kafenion,22.13,1321,No,2014-01-06,13,47
Katerina Cafè,36.95,2142,No,2014-01-06,13,53
Abila Zacharo,78.11,7108,No,2014-01-06,14,5
Katerina Cafè,78.65,8411,No,2014-01-06,18,56
Frydos Autosupply n' More,273.87,9241,No,2014-01-06,19,50
Guy's Gyros,117.82,6816,No,2014-01-06,20,15
Katerina Cafè,21.66,2418,No,2014-01-06,20,19
Guy's Gyros,95.29,7108,No,2014-01-06,20,28
Hippokampos,85.5,6895,No,2014-01-06,20,29
Frydos Autosupply n' More,149.3,5407,No,2014-01-06,20,47
Katerina Cafè,10.72,9617,No,2014-01-06,21,3
Hippokampos,28.14,8156,No,2014-01-06,21,11
Frydos Autosupply n' More,314.98,1310,No,2014-01-06,21,32
Brew've Been Served,7.09,4795,No,2014-01-07,7,33
Hallowed Grounds,19.59,1874,No,2014-01-07,7,41
Brew've Been Served,19.6,6816,No,2014-01-07,7,45
Hallowed Grounds,84.44,9551,No,2014-01-07,7,46
Coffee Cameleon,27.66,7253,No,2014-01-07,7,49
Brew've Been Served,69.06,3484,No,2014-01-07,7,55
Brew've Been Served,98.53,9683,No,2014-01-07,7,56
Coffee Cameleon,52.44,2418,No,2014-01-07,8,1
Hallowed Grounds,68.42,2681,No,2014-01-07,8,1
Brew've Been Served,3.03,7819,No,2014-01-07,8,6
Brew've Been Served,47.74,6901,No,2014-01-07,8,18
Stewart and Sons Fabrication,1843.33,9735,No,2014-01-07,11,31
Bean There Done That,51.25,1415,No,2014-01-07,12,0
Brewed Awakenings,12.17,7688,No,2014-01-07,12,0
Jack's Magical Beans,23.68,6899,No,2014-01-07,12,0
Brewed Awakenings,64.84,3853,No,2014-01-07,12,0
Brewed Awakenings,71.59,2540,No,2014-01-07,12,0
Bean There Done That,53.89,1877,No,2014-01-07,12,0
Bean There Done That,46.25,6895,No,2014-01-07,12,0
Jack's Magical Beans,69.84,2463,No,2014-01-07,12,0
Nationwide Refinery,1071.04,3506,No,2014-01-07,12,2
Katerina Cafè,59.07,7792,No,2014-01-07,13,8
Abila Zacharo,82.25,6899,No,2014-01-07,13,25
Gelatogalore,51.64,1310,No,2014-01-07,13,30
Abila Zacharo,52.72,7688,No,2014-01-07,13,33
Ouzeri Elian,64.84,6895,No,2014-01-07,13,34
Katerina Cafè,51.41,3484,No,2014-01-07,13,41
Ouzeri Elian,97.71,5368,No,2014-01-07,13,42
Gelatogalore,71.77,1874,No,2014-01-07,13,52
Hippokampos,51.69,3853,No,2014-01-07,13,53
Gelatogalore,88.97,5921,No,2014-01-07,13,54
Abila Zacharo,65.9,7819,No,2014-01-07,13,55
Ouzeri Elian,16.2,1321,No,2014-01-07,13,56
Hippokampos,76.11,3492,No,2014-01-07,14,0
Ouzeri Elian,59.51,6901,No,2014-01-07,14,9
Carlyle Chemical Inc.,4803.13,7792,No,2014-01-07,14,34
Stewart and Sons Fabrication,962.2,2276,No,2014-01-07,15,3
Albert's Fine Clothing,308.36,6895,No,2014-01-07,20,4
Guy's Gyros,42.25,7384,No,2014-01-07,20,10
Guy's Gyros,26.82,4795,No,2014-01-07,20,10
Guy's Gyros,76.71,9683,No,2014-01-07,20,11
Katerina Cafè,55.63,1874,No,2014-01-07,20,12
Katerina Cafè,94.75,7889,No,2014-01-07,20,13
Katerina Cafè,65.02,8202,No,2014-01-07,20,13
Guy's Gyros,62.33,3853,No,2014-01-07,20,14
Guy's Gyros,89.76,7354,No,2014-01-07,20,19
Frydos Autosupply n' More,312.73,6901,No,2014-01-07,20,20
Hippokampos,70.19,1321,No,2014-01-07,20,34
Hippokampos,32.99,8156,No,2014-01-07,20,51
Hippokampos,35.85,7688,No,2014-01-07,21,21
Hallowed Grounds,12.19,7108,No,2014-01-08,7,39
Hallowed Grounds,8.28,1310,No,2014-01-08,7,39
Brew've Been Served,32.92,3853,No,2014-01-08,7,48
Brew've Been Served,33.68,9405,No,2014-01-08,7,50
Hallowed Grounds,79.92,7889,No,2014-01-08,7,55
Brew've Been Served,91.87,3484,No,2014-01-08,7,55
Hallowed Grounds,12.86,9551,No,2014-01-08,7,56
Brew've Been Served,74.88,5368,No,2014-01-08,7,57
Brew've Been Served,32.3,4795,No,2014-01-08,8,0
Carlyle Chemical Inc.,3048.31,7792,No,2014-01-08,9,43
Bean There Done That,8.06,1877,No,2014-01-08,12,0
Brewed Awakenings,15.03,8332,No,2014-01-08,12,0
Bean There Done That,94.96,1321,No,2014-01-08,12,0
Jack's Magical Beans,31.25,2463,No,2014-01-08,12,0
Ouzeri Elian,109.73,8156,No,2014-01-08,13,21
Katerina Cafè,88.98,1310,No,2014-01-08,13,34
Gelatogalore,119.75,3484,No,2014-01-08,13,39
Guy's Gyros,77.9,3853,No,2014-01-08,13,40
Katerina Cafè,57.04,6895,No,2014-01-08,13,42
Katerina Cafè,27.05,1877,No,2014-01-08,13,47
Ouzeri Elian,104.92,5368,No,2014-01-08,13,47
Gelatogalore,116.72,7819,No,2014-01-08,13,48
Katerina Cafè,22.94,7108,No,2014-01-08,14,6
Guy's Gyros,33.02,5368,No,2014-01-08,20,8
Guy's Gyros,99.08,3484,No,2014-01-08,20,15
Hippokampos,96.75,7117,No,2014-01-08,20,28
Katerina Cafè,92.83,5921,No,2014-01-08,20,42
Guy's Gyros,10.28,6901,No,2014-01-08,20,57
Guy's Gyros,22.91,7819,No,2014-01-08,20,58
Katerina Cafè,28.86,4948,No,2014-01-08,21,2
Ouzeri Elian,30.81,9551,No,2014-01-08,21,16
Hippokampos,78.99,2463,No,2014-01-08,21,32
Coffee Cameleon,12.47,7253,No,2014-01-09,7,35
Brew've Been Served,70.71,9683,No,2014-01-09,7,36
Hallowed Grounds,56.77,7108,No,2014-01-09,7,42
Brew've Been Served,5.43,5368,No,2014-01-09,7,43
Hallowed Grounds,75.24,8129,No,2014-01-09,7,46
Brew've Been Served,4.4,4948,No,2014-01-09,7,46
Brew've Been Served,34.85,7354,No,2014-01-09,7,48
Hallowed Grounds,34.45,9551,No,2014-01-09,7,50
Hallowed Grounds,19.22,7889,No,2014-01-09,7,51
Brew've Been Served,98.25,8202,No,2014-01-09,7,56
Brew've Been Served,5.26,8411,No,2014-01-09,7,57
Hallowed Grounds,50.25,9405,No,2014-01-09,7,57
Brew've Been Served,6.61,7819,No,2014-01-09,8,0
Brew've Been Served,92.12,3484,No,2014-01-09,8,1
Hallowed Grounds,65.68,3492,No,2014-01-09,8,7
Brew've Been Served,5.57,5407,No,2014-01-09,8,15
Brewed Awakenings,11.76,7688,No,2014-01-09,12,0
Bean There Done That,15.53,1321,No,2014-01-09,12,0
Jack's Magical Beans,12.13,9241,No,2014-01-09,12,0
Jack's Magical Beans,15.55,8156,No,2014-01-09,12,0
Jack's Magical Beans,37.43,2463,No,2014-01-09,12,0
Abila Airport,202.93,8642,No,2014-01-09,12,13
Nationwide Refinery,1440.39,3506,No,2014-01-09,12,49
Ouzeri Elian,31.03,8332,No,2014-01-09,12,59
Guy's Gyros,105.4,7354,No,2014-01-09,13,21
Gelatogalore,56.74,2540,No,2014-01-09,13,23
Kalami Kafenion,110.76,6895,No,2014-01-09,13,27
Abila Zacharo,89.41,9551,No,2014-01-09,13,41
Hippokampos,39.22,5368,No,2014-01-09,13,41
Guy's Gyros,74.91,1415,No,2014-01-09,13,43
Hippokampos,16.65,2142,No,2014-01-09,13,53
Hippokampos,65.7,4434,No,2014-01-09,13,56
Guy's Gyros,8.87,6901,No,2014-01-09,13,56
Ouzeri Elian,27.08,6899,No,2014-01-09,19,42
Ouzeri Elian,31.07,9241,No,2014-01-09,19,43
Katerina Cafè,90.97,6691,No,2014-01-09,20,9
Hippokampos,70.68,1877,No,2014-01-09,20,15
Katerina Cafè,91.14,9405,No,2014-01-09,20,20
Frydos Autosupply n' More,31.24,6901,No,2014-01-09,20,20
Frydos Autosupply n' More,120.65,1321,No,2014-01-09,20,21
Katerina Cafè,53.78,5407,No,2014-01-09,20,27
Guy's Gyros,23.34,7253,No,2014-01-09,20,29
Katerina Cafè,30.69,2418,No,2014-01-09,20,38
Hallowed Grounds,11.38,3492,No,2014-01-10,7,45
Brew've Been Served,44.88,4948,No,2014-01-10,7,47
Brew've Been Served,89.93,9683,No,2014-01-10,7,49
Brew've Been Served,12.77,5407,No,2014-01-10,7,51
Brew've Been Served,83.44,7384,No,2014-01-10,7,54
Brew've Been Served,85.91,5368,No,2014-01-10,7,55
Brew've Been Served,97.25,4795,No,2014-01-10,7,56
Brew've Been Served,90.72,7354,No,2014-01-10,7,56
Abila Airport,4039.36,9614,No,2014-01-10,7,59
Coffee Cameleon,13.25,2142,No,2014-01-10,8,11
Brew've Been Served,8.47,8202,No,2014-01-10,8,17
Kronos Mart,203.91,7688,No,2014-01-10,9,30
Nationwide Refinery,2302.73,9614,No,2014-01-10,10,40
Jack's Magical Beans,8.22,2463,No,2014-01-10,12,0
Chostus Hotel,133.25,9683,No,2014-01-10,13,8
Chostus Hotel,197.41,2540,No,2014-01-10,13,11
Ouzeri Elian,30.71,9551,No,2014-01-10,13,16
Hippokampos,79.26,4795,No,2014-01-10,13,20
Abila Zacharo,113.33,6899,No,2014-01-10,13,29
Hippokampos,11.61,7117,No,2014-01-10,14,7
Katerina Cafè,77.62,7108,No,2014-01-10,14,8
Hippokampos,10.16,4948,No,2014-01-10,14,20
Frydos Autosupply n' More,98.39,7889,No,2014-01-10,18,57
Hippokampos,48.22,1415,No,2014-01-10,19,46
Katerina Cafè,19.57,8129,No,2014-01-10,19,50
Hippokampos,70.48,7688,No,2014-01-10,20,9
Frydos Autosupply n' More,237.08,7384,No,2014-01-10,20,15
Guy's Gyros,35.54,7108,No,2014-01-10,20,20
Guy's Gyros,37.37,3853,No,2014-01-10,20,23
Roberts and Sons,241.2,7354,No,2014-01-10,21,11
Hippokampos,27.0,8156,No,2014-01-10,21,17
Hippokampos,79.97,2463,No,2014-01-10,22,21
Hippokampos,103.38,4434,No,2014-01-11,13,36
Hippokampos,75.62,9551,No,2014-01-11,13,37
Hippokampos,82.23,6691,No,2014-01-11,13,37
Ouzeri Elian,19.11,8129,No,2014-01-11,13,40
Hippokampos,31.1,7688,No,2014-01-11,13,47
Abila Zacharo,32.02,7253,No,2014-01-11,13,51
Gelatogalore,18.74,3853,No,2014-01-11,13,59
Shoppers' Delight,157.45,9617,No,2014-01-11,15,15
Roberts and Sons,256.24,1310,No,2014-01-11,16,0
Ahaggo Museum,52.14,9683,No,2014-01-11,17,16
Hippokampos,11.13,1877,No,2014-01-11,19,33
Guy's Gyros,55.36,6816,No,2014-01-11,19,34
Shoppers' Delight,149.2,9551,No,2014-01-11,19,44
Katerina Cafè,15.72,8411,No,2014-01-11,19,52
Ouzeri Elian,16.69,2681,No,2014-01-11,20,4
Frydos Autosupply n' More,211.15,5407,No,2014-01-11,20,13
Kalami Kafenion,46.78,7108,No,2014-01-11,20,30
Katerina Cafè,57.6,1874,No,2014-01-11,20,46
Kronos Mart,277.26,8156,No,2014-01-12,3,39
Gelatogalore,20.09,1286,No,2014-01-12,13,40
Kalami Kafenion,54.36,2540,No,2014-01-12,13,52
Hippokampos,71.99,9551,No,2014-01-12,14,6
Desafio Golf Course,220.77,7688,No,2014-01-12,14,13
Guy's Gyros,12.32,7354,No,2014-01-12,19,36
Katerina Cafè,17.36,3492,No,2014-01-12,19,47
Katerina Cafè,39.55,2142,No,2014-01-12,20,13
Hippokampos,69.41,2540,No,2014-01-12,20,15
Katerina Cafè,87.09,1874,No,2014-01-12,20,48
Kronos Mart,147.3,5407,No,2014-01-13,3,0
Daily Dealz,2.01,9551,No,2014-01-13,6,4
Brew've Been Served,16.39,5368,No,2014-01-13,7,36
Hallowed Grounds,3.02,1310,No,2014-01-13,7,42
Brew've Been Served,24.18,6816,No,2014-01-13,7,43
Brew've Been Served,6.08,5407,No,2014-01-13,7,55
Brew've Been Served,78.23,3484,No,2014-01-13,7,57
Kronos Mart,159.06,6816,No,2014-01-13,8,1
Hallowed Grounds,55.96,2681,No,2014-01-13,8,6
Brew've Been Served,13.19,6901,No,2014-01-13,8,21
Kronos Pipe and Irrigation,2892.74,9220,No,2014-01-13,8,58
Bean There Done That,98.02,9635,No,2014-01-13,12,0
Brewed Awakenings,56.4,2540,No,2014-01-13,12,0
U-Pump,55.25,9551,No,2014-01-13,13,18
Gelatogalore,46.45,8332,No,2014-01-13,13,19
Abila Zacharo,79.95,6816,No,2014-01-13,13,20
Hippokampos,59.9,7354,No,2014-01-13,13,34
Katerina Cafè,17.21,9405,No,2014-01-13,13,36
Ouzeri Elian,95.03,4795,No,2014-01-13,13,37
Abila Zacharo,116.32,3853,No,2014-01-13,13,48
Hippokampos,91.97,7384,No,2014-01-13,13,50
Gelatogalore,117.17,2681,No,2014-01-13,14,1
Guy's Gyros,116.87,8129,No,2014-01-13,14,33
Frydos Autosupply n' More,10000.0,9551,No,2014-01-13,19,20
Katerina Cafè,89.83,3547,No,2014-01-13,19,50
Katerina Cafè,30.84,6691,No,2014-01-13,19,59
Katerina Cafè,91.36,1310,No,2014-01-13,20,33
Guy's Gyros,88.57,1286,No,2014-01-13,20,42
Katerina Cafè,93.57,5407,No,2014-01-13,20,44
Guy's Gyros,15.55,9683,No,2014-01-13,20,44
Katerina Cafè,22.24,7253,No,2014-01-13,20,47
Katerina Cafè,55.82,7889,No,2014-01-13,20,51
Hippokampos,99.63,8156,No,2014-01-13,21,27
Hallowed Grounds,50.21,9617,No,2014-01-14,7,54
Hallowed Grounds,39.52,3492,No,2014-01-14,8,12
Kronos Mart,58.85,6899,No,2014-01-14,8,20
Stewart and Sons Fabrication,600.19,3506,No,2014-01-14,11,1
Bean There Done That,14.56,1877,No,2014-01-14,12,0
Bean There Done That,67.82,1321,No,2014-01-14,12,0
Jack's Magical Beans,63.36,9241,No,2014-01-14,12,0
Jack's Magical Beans,95.7,8156,No,2014-01-14,12,0
Nationwide Refinery,1341.01,3506,No,2014-01-14,13,0
Abila Airport,3379.21,2276,No,2014-01-14,13,6
Katerina Cafè,34.45,7792,No,2014-01-14,13,21
Hippokampos,23.69,7688,No,2014-01-14,13,25
Gelatogalore,32.82,2142,No,2014-01-14,13,32
Guy's Gyros,13.27,1415,No,2014-01-14,13,36
Ouzeri Elian,107.32,3484,No,2014-01-14,13,40
Ouzeri Elian,79.58,6899,No,2014-01-14,13,41
Katerina Cafè,75.46,3547,No,2014-01-14,13,41
Hippokampos,98.81,7889,No,2014-01-14,13,42
Gelatogalore,70.98,1877,No,2014-01-14,13,49
Ouzeri Elian,62.3,7108,No,2014-01-14,13,51
Gelatogalore,102.03,8129,No,2014-01-14,14,3
Carlyle Chemical Inc.,854.88,7792,No,2014-01-14,14,21
Abila Airport,4918.39,8642,No,2014-01-14,15,32
Octavio's Office Supplies,131.73,6816,No,2014-01-14,15,49
Guy's Gyros,94.26,7108,No,2014-01-14,19,59
Katerina Cafè,91.8,7889,No,2014-01-14,20,9
Katerina Cafè,27.67,8129,No,2014-01-14,20,15
Guy's Gyros,18.11,6816,No,2014-01-14,20,15
Guy's Gyros,10.85,3853,No,2014-01-14,20,25
Ouzeri Elian,24.06,9241,No,2014-01-14,20,41
Katerina Cafè,46.61,8202,No,2014-01-14,20,42
Ouzeri Elian,80.95,2681,No,2014-01-14,20,46
Hippokampos,43.56,8332,No,2014-01-14,20,48
Hippokampos,28.45,6895,No,2014-01-14,21,4
Roberts and Sons,223.81,9405,No,2014-01-14,21,14
Hallowed Grounds,11.98,7889,No,2014-01-15,7,33
Hallowed Grounds,5.95,8129,No,2014-01-15,7,39
Brew've Been Served,19.24,7354,No,2014-01-15,7,50
Hallowed Grounds,78.69,6691,No,2014-01-15,7,51
Hallowed Grounds,15.27,1310,No,2014-01-15,8,0
Brew've Been Served,49.7,4434,No,2014-01-15,8,1
Coffee Cameleon,56.31,2418,No,2014-01-15,8,5
Brew've Been Served,12.39,5407,No,2014-01-15,8,5
Nationwide Refinery,1903.77,9152,No,2014-01-15,10,0
Stewart and Sons Fabrication,4545.38,9152,No,2014-01-15,11,18
Stewart and Sons Fabrication,4740.68,9735,No,2014-01-15,11,44
Jack's Magical Beans,11.15,6899,No,2014-01-15,12,0
Brewed Awakenings,91.62,2540,No,2014-01-15,12,0
Bean There Done That,93.13,1877,No,2014-01-15,12,0
Jack's Magical Beans,84.06,8156,No,2014-01-15,12,0
Hippokampos,118.89,9683,No,2014-01-15,13,12
Katerina Cafè,88.56,2418,No,2014-01-15,13,17
Hippokampos,8.75,9405,No,2014-01-15,13,39
Hippokampos,82.61,2540,No,2014-01-15,13,41
Guy's Gyros,49.34,7354,No,2014-01-15,13,41
Abila Zacharo,88.83,9635,No,2014-01-15,13,45
Kalami Kafenion,47.86,6895,No,2014-01-15,13,45
Abila Zacharo,20.44,7384,No,2014-01-15,13,47
Gelatogalore,42.36,2681,No,2014-01-15,13,59
Hippokampos,118.23,4434,No,2014-01-15,14,2
Abila Zacharo,46.82,4948,No,2014-01-15,14,4
Guy's Gyros,98.04,3484,No,2014-01-15,19,53
Hippokampos,13.02,1415,No,2014-01-15,19,55
General Grocer,126.2,7819,No,2014-01-15,19,56
Katerina Cafè,25.08,8129,No,2014-01-15,19,59
Katerina Cafè,29.84,2142,No,2014-01-15,20,0
Guy's Gyros,44.91,5368,No,2014-01-15,20,6
Shoppers' Delight,162.0,8332,No,2014-01-15,20,10
Hippokampos,11.8,7688,No,2014-01-15,20,16
Katerina Cafè,61.61,8202,No,2014-01-15,20,26
Frydos Autosupply n' More,18.66,1874,No,2014-01-15,20,33
Guy's Gyros,61.43,3853,No,2014-01-15,20,59
Hippokampos,101.14,6895,No,2014-01-15,21,8
Kronos Mart,298.83,7108,No,2014-01-16,7,30
Brew've Been Served,25.05,5368,No,2014-01-16,7,33
Coffee Cameleon,67.19,3547,No,2014-01-16,7,38
Hallowed Grounds,44.98,9617,No,2014-01-16,7,51
Hallowed Grounds,9.6,1310,No,2014-01-16,7,51
Brew've Been Served,83.84,4948,No,2014-01-16,7,54
Brew've Been Served,4.33,9683,No,2014-01-16,7,56
Coffee Cameleon,63.14,2418,No,2014-01-16,8,3
Hallowed Grounds,72.61,9405,No,2014-01-16,8,3
Brew've Been Served,16.67,6901,No,2014-01-16,8,3
Brew've Been Served,90.33,8202,No,2014-01-16,8,8
Stewart and Sons Fabrication,940.3,3506,No,2014-01-16,11,6
Brewed Awakenings,17.91,7688,No,2014-01-16,12,0
Bean There Done That,98.34,1321,No,2014-01-16,12,0
Hippokampos,26.15,8156,No,2014-01-16,13,22
Abila Zacharo,69.27,4795,No,2014-01-16,13,39
Ouzeri Elian,18.27,2142,No,2014-01-16,13,45
Abila Zacharo,36.02,7108,No,2014-01-16,13,47
Kalami Kafenion,91.38,9635,No,2014-01-16,13,48
Hippokampos,8.07,1310,No,2014-01-16,13,54
Hippokampos,30.02,8411,No,2014-01-16,13,55
Katerina Cafè,93.68,8411,No,2014-01-16,18,49
Katerina Cafè,34.34,3547,No,2014-01-16,19,47
Katerina Cafè,69.3,5407,No,2014-01-16,20,5
Guy's Gyros,111.31,9683,No,2014-01-16,20,14
Guy's Gyros,25.78,3853,No,2014-01-16,20,17
Katerina Cafè,30.84,9405,No,2014-01-16,20,28
Hippokampos,114.0,6895,No,2014-01-16,20,42
Hippokampos,27.74,2463,No,2014-01-16,20,43
Shoppers' Delight,160.69,1877,No,2014-01-16,20,45
Hippokampos,12.47,8332,No,2014-01-16,20,58
Brew've Been Served,52.56,7384,No,2014-01-17,7,29
Hallowed Grounds,10.52,8129,No,2014-01-17,7,41
Hallowed Grounds,38.22,3492,No,2014-01-17,8,3
Kronos Mart,286.24,1415,No,2014-01-17,8,8
Brew've Been Served,9.3,8202,No,2014-01-17,8,9
Hallowed Grounds,6.39,2681,No,2014-01-17,8,12
Coffee Cameleon,14.99,4434,No,2014-01-17,8,13
Brew've Been Served,51.04,1286,No,2014-01-17,8,23
Brewed Awakenings,88.69,2540,No,2014-01-17,12,0
Abila Zacharo,68.78,8332,No,2014-01-17,13,11
Kalami Kafenion,105.32,2463,No,2014-01-17,13,37
Ouzeri Elian,14.01,1415,No,2014-01-17,13,38
Kalami Kafenion,39.43,5407,No,2014-01-17,13,38
Kalami Kafenion,27.7,9405,No,2014-01-17,13,39
Gelatogalore,37.3,1310,No,2014-01-17,13,40
Abila Zacharo,79.67,7354,No,2014-01-17,13,45
Hippokampos,108.35,9617,No,2014-01-17,13,52
Chostus Hotel,159.62,2540,No,2014-01-17,13,54
Guy's Gyros,32.31,6901,No,2014-01-17,13,55
Hippokampos,21.81,1877,No,2014-01-17,13,58
Abila Zacharo,51.95,5368,No,2014-01-17,14,6
Katerina Cafè,70.72,4948,No,2014-01-17,14,15
Katerina Cafè,34.93,8129,No,2014-01-17,19,57
Ouzeri Elian,70.21,9241,No,2014-01-17,20,7
Shoppers' Delight,289.33,1286,No,2014-01-17,20,21
Katerina Cafè,72.13,7889,No,2014-01-17,20,24
General Grocer,98.03,7108,No,2014-01-17,20,41
Frydos Autosupply n' More,260.08,7354,No,2014-01-17,20,41
Guy's Gyros,55.4,4434,No,2014-01-17,21,7
Abila Zacharo,25.59,2540,No,2014-01-18,13,5
Hippokampos,100.11,1877,No,2014-01-18,13,21
Guy's Gyros,55.21,7384,No,2014-01-18,13,27
Ouzeri Elian,25.75,3547,No,2014-01-18,13,34
Gelatogalore,84.38,2681,No,2014-01-18,13,58
Katerina Cafè,24.14,7819,No,2014-01-18,14,6
Frydos Autosupply n' More,361.54,1874,No,2014-01-18,15,32
Katerina Cafè,21.63,8129,No,2014-01-18,19,17
Hippokampos,21.34,1321,No,2014-01-18,19,21
Ouzeri Elian,61.56,9551,No,2014-01-18,19,26
Katerina Cafè,35.79,6691,No,2014-01-18,19,36
Kalami Kafenion,71.14,9635,No,2014-01-18,19,39
Guy's Gyros,78.36,6816,No,2014-01-18,19,39
Roberts and Sons,125.35,7688,No,2014-01-18,19,46
Katerina Cafè,11.19,8202,No,2014-01-18,19,46
Katerina Cafè,16.48,4948,No,2014-01-18,19,47
Katerina Cafè,17.37,9405,No,2014-01-18,20,1
Hippokampos,29.21,1877,No,2014-01-18,20,23
Kronos Mart,87.66,3484,No,2014-01-19,3,13
Kronos Mart,194.51,9551,No,2014-01-19,3,45
Kronos Mart,150.36,8332,No,2014-01-19,3,48
Hippokampos,64.37,2142,No,2014-01-19,13,33
Katerina Cafè,12.78,1310,No,2014-01-19,14,1
Katerina Cafè,54.2,3492,No,2014-01-19,14,20
Katerina Cafè,72.25,3547,No,2014-01-19,18,54
Hippokampos,88.27,1321,No,2014-01-19,19,44
Ouzeri Elian,32.77,9551,No,2014-01-19,19,49
Guy's Gyros,100.36,6816,No,2014-01-19,19,49
Coffee Shack,11.51,No,L6417,2014-01-06,0,0
Hallowed Grounds,12.93,No,L1107,2014-01-06,0,0
Abila Zacharo,26.93,No,L9018,2014-01-06,0,0
Katerina Cafè,38.65,No,L6110,2014-01-06,0,0
Frydos Autosupply n' More,89.3,No,L4034,2014-01-06,0,0
Hallowed Grounds,8.42,No,L1107,2014-01-07,0,0
Coffee Cameleon,12.44,No,L9018,2014-01-07,0,0
Ouzeri Elian,17.71,No,L2247,2014-01-07,0,0
Katerina Cafè,25.02,No,L2343,2014-01-07,0,0
Brew've Been Served,14.88,No,L2247,2014-01-08,0,0
Kalami Kafenion,18.18,No,L6267,2014-01-08,0,0
Ouzeri Elian,24.92,No,L2247,2014-01-08,0,0
Hippokampos,16.75,No,L6417,2014-01-08,0,0
Hallowed Grounds,15.24,No,L8328,2014-01-09,0,0
Brew've Been Served,18.25,No,L2343,2014-01-09,0,0
Hallowed Grounds,16.72,No,L6267,2014-01-09,0,0
Coffee Cameleon,4.88,No,L9018,2014-01-09,0,0
Hippokampos,19.22,No,L2247,2014-01-09,0,0
Katerina Cafè,30.97,No,L6267,2014-01-09,0,0
Katerina Cafè,13.78,No,L4034,2014-01-09,0,0
Brew've Been Served,4.88,No,L9406,2014-01-10,0,0
Brew've Been Served,5.91,No,L2247,2014-01-10,0,0
Hippokampos,22.23,No,L6267,2014-01-11,0,0
Kronos Mart,147.3,No,L4034,2014-01-12,0,0
Hallowed Grounds,15.96,No,L1107,2014-01-13,0,0
Hippokampos,14.04,No,L4034,2014-01-13,0,0
Gelatogalore,37.17,No,L1107,2014-01-13,0,0
Guy's Gyros,36.87,No,L8328,2014-01-13,0,0
Katerina Cafè,33.57,No,L4034,2014-01-13,0,0
Katerina Cafè,11.26,No,L9018,2014-01-14,0,0
Gelatogalore,22.03,No,L8328,2014-01-14,0,0
Katerina Cafè,26.61,No,L2343,2014-01-14,0,0
Ouzeri Elian,20.95,No,L1107,2014-01-14,0,0
Katerina Cafè,28.05,No,L6267,2014-01-14,0,0
Hallowed Grounds,18.69,No,L6267,2014-01-15,0,0
Coffee Shack,18.17,No,L6417,2014-01-15,0,0
Coffee Cameleon,16.31,No,L9018,2014-01-15,0,0
Katerina Cafè,28.56,No,L9018,2014-01-15,0,0
Gelatogalore,22.36,No,L1107,2014-01-15,0,0
Abila Zacharo,26.82,No,L9406,2014-01-15,0,0
Katerina Cafè,36.8,No,L6267,2014-01-15,0,0
Guy's Gyros,24.91,No,L2247,2014-01-15,0,0
Katerina Cafè,38.81,No,L4034,2014-01-15,0,0
Katerina Cafè,21.61,No,L2343,2014-01-15,0,0
Brew've Been Served,5.05,No,L2247,2014-01-16,0,0
Brew've Been Served,3.84,No,L9406,2014-01-16,0,0
Coffee Cameleon,3.14,No,L9018,2014-01-16,0,0
Ouzeri Elian,31.21,No,L1107,2014-01-16,0,0
Guy's Gyros,36.48,No,L8328,2014-01-16,0,0
Katerina Cafè,13.68,No,L6110,2014-01-16,0,0
Katerina Cafè,29.3,No,L4034,2014-01-16,0,0
Hippokampos,23.54,No,L6267,2014-01-17,0,0
Abila Zacharo,11.95,No,L2247,2014-01-17,0,0
Katerina Cafè,30.72,No,L9406,2014-01-17,0,0
Katerina Cafè,21.16,No,L9018,2014-01-17,0,0
Katerina Cafè,14.93,No,L8328,2014-01-17,0,0
Gelatogalore,24.38,No,L1107,2014-01-18,0,0
Coffee Cameleon,8.73,No,L1682,2014-01-06,0,0
Abila Zacharo,18.11,No,L6544,2014-01-06,0,0
Guy's Gyros,15.29,No,L6544,2014-01-06,0,0
Hallowed Grounds,12.22,No,L6544,2014-01-06,0,0
Hippokampos,25.5,No,L3366,2014-01-06,0,0
Guy's Gyros,37.82,No,L8148,2014-01-06,0,0
Ouzeri Elian,16.84,No,L4063,2014-01-06,0,0
Kalami Kafenion,30.1,No,L2490,2014-01-06,0,0
Frydos Autosupply n' More,274.98,No,L8012,2014-01-06,0,0
Frydos Autosupply n' More,253.87,No,L3288,2014-01-06,0,0
Brew've Been Served,12.83,No,L3259,2014-01-06,0,0
Jack's Magical Beans,7.84,No,L5224,2014-01-06,0,0
Ouzeri Elian,34.71,No,L7291,2014-01-06,0,0
Abila Zacharo,12.05,No,L9254,2014-01-06,0,0
Brew've Been Served,10.68,No,L9254,2014-01-06,0,0
Guy's Gyros,19.67,No,L6886,2014-01-06,0,0
Hallowed Grounds,4.44,No,L5777,2014-01-07,0,0
Ouzeri Elian,25.27,No,L5777,2014-01-07,0,0
Bean There Done That,11.25,No,L7783,2014-01-07,0,0
Abila Zacharo,12.72,No,L4164,2014-01-07,0,0
Hippokampos,15.85,No,L4164,2014-01-07,0,0
Abila Zacharo,22.25,No,L6267,2014-01-07,0,0
Jack's Magical Beans,3.68,No,L6267,2014-01-07,0,0
Coffee Cameleon,7.66,No,L1682,2014-01-07,0,0
Brewed Awakenings,4.84,No,L1485,2014-01-07,0,0
Guy's Gyros,22.33,No,L1485,2014-01-07,0,0
Hippokampos,31.69,No,L1485,2014-01-07,0,0
Brewed Awakenings,11.59,No,L5947,2014-01-07,0,0
Guy's Gyros,34.09,No,L5947,2014-01-07,0,0
Katerina Cafè,14.75,No,L6119,2014-01-07,0,0
Bean There Done That,13.89,No,L3014,2014-01-07,0,0
Hippokampos,10.19,No,L4149,2014-01-07,0,0
Gelatogalore,31.77,No,L4424,2014-01-07,0,0
Abila Zacharo,25.9,No,L5259,2014-01-07,0,0
Guy's Gyros,22.25,No,L3800,2014-01-07,0,0
Kalami Kafenion,25.9,No,L3800,2014-01-07,0,0
Albert's Fine Clothing,228.36,No,L3366,2014-01-07,0,0
Bean There Done That,6.25,No,L3366,2014-01-07,0,0
Ouzeri Elian,24.84,No,L3366,2014-01-07,0,0
Brew've Been Served,9.06,No,L2490,2014-01-07,0,0
Katerina Cafè,31.41,No,L2490,2014-01-07,0,0
Carlyle Chemical Inc.,3827.2,No,L5756,2014-01-07,0,0
Katerina Cafè,19.07,No,L5756,2014-01-07,0,0
Stewart and Sons Fabrication,1783.33,No,L9633,2014-01-07,0,0
Hippokampos,16.11,No,L7814,2014-01-07,0,0
Gelatogalore,8.97,No,L3295,2014-01-07,0,0
Brew've Been Served,7.74,No,L9363,2014-01-07,0,0
Frydos Autosupply n' More,272.73,No,L9363,2014-01-07,0,0
Ouzeri Elian,19.51,No,L9363,2014-01-07,0,0
Abila Airport,1641.96,No,L3317,2014-01-07,0,0
Brew've Been Served,18.53,No,L7291,2014-01-07,0,0
Brewed Awakenings,12.59,No,L9254,2014-01-07,0,0
Guy's Gyros,9.76,No,L9254,2014-01-07,0,0
Jack's Magical Beans,9.84,No,L6886,2014-01-07,0,0
Ouzeri Elian,10.81,No,L5777,2014-01-08,0,0
Ouzeri Elian,32.61,No,L4164,2014-01-08,0,0
Katerina Cafè,19.12,No,L1682,2014-01-08,0,0
Brew've Been Served,12.92,No,L1485,2014-01-08,0,0
Guy's Gyros,17.9,No,L1485,2014-01-08,0,0
Hallowed Grounds,19.92,No,L6119,2014-01-08,0,0
Hippokampos,12.62,No,L3014,2014-01-08,0,0
Bean There Done That,14.96,No,L4149,2014-01-08,0,0
Gelatogalore,36.72,No,L5259,2014-01-08,0,0
Bean There Done That,16.18,No,L3366,2014-01-08,0,0
Katerina Cafè,37.04,No,L3366,2014-01-08,0,0
Brew've Been Served,11.87,No,L2490,2014-01-08,0,0
Gelatogalore,39.75,No,L2490,2014-01-08,0,0
Guy's Gyros,19.08,No,L2490,2014-01-08,0,0
Nationwide Refinery,4367.43,No,L5756,2014-01-08,0,0
Brew've Been Served,13.68,No,L3259,2014-01-08,0,0
Katerina Cafè,32.83,No,L3295,2014-01-08,0,0
Ouzeri Elian,29.73,No,L5224,2014-01-08,0,0
Brew've Been Served,12.3,No,L8566,2014-01-08,0,0
Hippokampos,18.99,No,L6886,2014-01-08,0,0
Jack's Magical Beans,11.25,No,L6886,2014-01-08,0,0
Abila Zacharo,29.41,No,L5777,2014-01-09,0,0
Hallowed Grounds,14.45,No,L5777,2014-01-09,0,0
Guy's Gyros,14.91,No,L7783,2014-01-09,0,0
Kronos Mart,203.91,No,L4164,2014-01-09,0,0
Gelatogalore,16.74,No,L5947,2014-01-09,0,0
Frydos Autosupply n' More,60.65,No,L4149,2014-01-09,0,0
Hallowed Grounds,16.77,No,L6544,2014-01-09,0,0
Hallowed Grounds,17.84,No,L4424,2014-01-09,0,0
Katerina Cafè,26.0,No,L5553,2014-01-09,0,0
Bean There Done That,4.05,No,L3366,2014-01-09,0,0
Kalami Kafenion,30.76,No,L3366,2014-01-09,0,0
Brew've Been Served,15.82,No,L8148,2014-01-09,0,0
Nationwide Refinery,1420.39,No,L7761,2014-01-09,0,0
Brew've Been Served,12.12,No,L2490,2014-01-09,0,0
Abila Airport,182.93,No,L2769,2014-01-09,0,0
Hippokampos,25.7,No,L2169,2014-01-09,0,0
Hallowed Grounds,10.25,No,L3259,2014-01-09,0,0
Brew've Been Served,10.71,No,L7291,2014-01-09,0,0
Brew've Been Served,14.85,No,L9254,2014-01-09,0,0
Guy's Gyros,25.4,No,L9254,2014-01-09,0,0
Jack's Magical Beans,17.43,No,L6886,2014-01-09,0,0
Hallowed Grounds,6.87,No,L5777,2014-01-10,0,0
Hippokampos,28.22,No,L7783,2014-01-10,0,0
Hippokampos,10.48,No,L4164,2014-01-10,0,0
Abila Zacharo,33.33,No,L6267,2014-01-10,0,0
Ouzeri Elian,25.98,No,L6119,2014-01-10,0,0
Hippokampos,30.63,No,L2070,2014-01-10,0,0
Katerina Cafè,37.62,No,L6544,2014-01-10,0,0
Brew've Been Served,3.44,No,L3800,2014-01-10,0,0
Frydos Autosupply n' More,217.08,No,L3800,2014-01-10,0,0
Nationwide Refinery,2262.73,No,L5924,2014-01-10,0,0
Carlyle Chemical Inc.,3489.36,No,L8477,2014-01-10,0,0
Gelatogalore,39.4,No,L3295,2014-01-10,0,0
Chostus Hotel,113.25,No,L7291,2014-01-10,0,0
Brew've Been Served,17.25,No,L8566,2014-01-10,0,0
Hippokampos,39.26,No,L8566,2014-01-10,0,0
Brew've Been Served,10.72,No,L9254,2014-01-10,0,0
Hippokampos,39.97,No,L6886,2014-01-10,0,0
Hippokampos,20.87,No,L4164,2014-01-11,0,0
Katerina Cafè,29.17,No,L1682,2014-01-11,0,0
Katerina Cafè,17.6,No,L4424,2014-01-11,0,0
Guy's Gyros,55.69,No,L8148,2014-01-11,0,0
Hippokampos,23.38,No,L2169,2014-01-11,0,0
Katerina Cafè,27.46,No,L7814,2014-01-11,0,0
Ahaggo Museum,32.14,No,L7291,2014-01-11,0,0
Hippokampos,31.99,No,L5777,2014-01-12,0,0
Desafio Golf Course,160.77,No,L4164,2014-01-12,0,0
Hippokampos,29.41,No,L5947,2014-01-12,0,0
Kalami Kafenion,26.04,No,L5947,2014-01-12,0,0
Katerina Cafè,27.09,No,L4424,2014-01-12,0,0
Kronos Mart,159.06,No,L8148,2014-01-12,0,0
Guy's Gyros,42.78,No,L2490,2014-01-12,0,0
Katerina Cafè,34.1,No,L9362,2014-01-12,0,0
Hallowed Grounds,14.11,No,L5777,2014-01-13,0,0
Bean There Done That,18.02,No,L3191,2014-01-13,0,0
Abila Zacharo,36.14,No,L4164,2014-01-13,0,0
Abila Zacharo,36.32,No,L1485,2014-01-13,0,0
Brew've Been Served,12.8,No,L1485,2014-01-13,0,0
Brewed Awakenings,16.4,No,L5947,2014-01-13,0,0
Katerina Cafè,37.88,No,L6119,2014-01-13,0,0
Katerina Cafè,15.82,No,L6119,2014-01-13,0,0
Gelatogalore,26.45,No,L2070,2014-01-13,0,0
Guy's Gyros,33.48,No,L6544,2014-01-13,0,0
Hippokampos,31.97,No,L3800,2014-01-13,0,0
Abila Zacharo,23.03,No,L3366,2014-01-13,0,0
Abila Zacharo,39.95,No,L8148,2014-01-13,0,0
Brew've Been Served,4.18,No,L8148,2014-01-13,0,0
Kronos Pipe and Irrigation,2852.74,No,L4063,2014-01-13,0,0
Guy's Gyros,28.57,No,L3572,2014-01-13,0,0
Brew've Been Served,18.23,No,L2490,2014-01-13,0,0
Frydos Autosupply n' More,87.57,No,L2169,2014-01-13,0,0
Stewart and Sons Fabrication,4071.95,No,L9633,2014-01-13,0,0
Katerina Cafè,11.36,No,L8012,2014-01-13,0,0
Katerina Cafè,29.83,No,L9362,2014-01-13,0,0
Hippokampos,39.63,No,L5224,2014-01-13,0,0
Ouzeri Elian,35.03,No,L8566,2014-01-13,0,0
Hippokampos,39.9,No,L9254,2014-01-13,0,0
Kalami Kafenion,16.84,No,L5777,2014-01-14,0,0
Ouzeri Elian,15.94,No,L5777,2014-01-14,0,0
Jack's Magical Beans,13.32,No,L6267,2014-01-14,0,0
Hippokampos,18.81,No,L6119,2014-01-14,0,0
Katerina Cafè,31.8,No,L6119,2014-01-14,0,0
Gelatogalore,10.98,No,L3014,2014-01-14,0,0
Hippokampos,10.71,No,L3014,2014-01-14,0,0
Hippokampos,23.56,No,L2070,2014-01-14,0,0
Bean There Done That,7.82,No,L4149,2014-01-14,0,0
Guy's Gyros,34.26,No,L6544,2014-01-14,0,0
Ouzeri Elian,22.3,No,L6544,2014-01-14,0,0
Hallowed Grounds,10.21,No,L5553,2014-01-14,0,0
Abila Airport,2369.56,No,L7761,2014-01-14,0,0
Nationwide Refinery,1301.01,No,L7761,2014-01-14,0,0
Stewart and Sons Fabrication,540.19,No,L7761,2014-01-14,0,0
Ouzeri Elian,27.32,No,L2490,2014-01-14,0,0
Abila Airport,4898.39,No,L2769,2014-01-14,0,0
Brewed Awakenings,12.74,No,L2169,2014-01-14,0,0
Carlyle Chemical Inc.,794.88,No,L5756,2014-01-14,0,0
Jack's Magical Beans,3.36,No,L3288,2014-01-14,0,0
Roberts and Sons,203.81,No,L3259,2014-01-14,0,0
Katerina Cafè,15.46,No,L9362,2014-01-14,0,0
Abila Airport,3339.21,No,L3317,2014-01-14,0,0
Jack's Magical Beans,15.7,No,L5224,2014-01-14,0,0
Jack's Magical Beans,18.08,No,L6886,2014-01-14,0,0
Hallowed Grounds,15.86,No,L5777,2014-01-15,0,0
Ouzeri Elian,24.81,No,L5777,2014-01-15,0,0
Ouzeri Elian,32.95,No,L5777,2014-01-15,0,0
Abila Zacharo,8.83,No,L3191,2014-01-15,0,0
Brewed Awakenings,15.75,No,L4164,2014-01-15,0,0
Guy's Gyros,21.43,No,L1485,2014-01-15,0,0
Brewed Awakenings,11.62,No,L5947,2014-01-15,0,0
Hippokampos,22.61,No,L5947,2014-01-15,0,0
Bean There Done That,13.13,No,L3014,2014-01-15,0,0
Shoppers' Delight,102.0,No,L2070,2014-01-15,0,0
Kronos Mart,258.83,No,L6544,2014-01-15,0,0
General Grocer,106.2,No,L5259,2014-01-15,0,0
Hippokampos,21.14,No,L3366,2014-01-15,0,0
Kalami Kafenion,27.86,No,L3366,2014-01-15,0,0
Guy's Gyros,18.04,No,L2490,2014-01-15,0,0
Brew've Been Served,9.7,No,L2169,2014-01-15,0,0
Hippokampos,38.23,No,L2169,2014-01-15,0,0
Stewart and Sons Fabrication,4485.38,No,L5485,2014-01-15,0,0
Jack's Magical Beans,4.06,No,L5224,2014-01-15,0,0
Hippokampos,38.89,No,L7291,2014-01-15,0,0
General Grocer,137.65,No,L8566,2014-01-15,0,0
Guy's Gyros,19.8,No,L8566,2014-01-15,0,0
Guy's Gyros,29.34,No,L9254,2014-01-15,0,0
General Grocer,83.11,No,L6886,2014-01-15,0,0
Kronos Mart,286.24,No,L7783,2014-01-16,0,0
Hippokampos,10.55,No,L3191,2014-01-16,0,0
Kalami Kafenion,31.38,No,L3191,2014-01-16,0,0
Coffee Cameleon,5.2,No,L1682,2014-01-16,0,0
Katerina Cafè,36.32,No,L1682,2014-01-16,0,0
Shoppers' Delight,100.69,No,L3014,2014-01-16,0,0
Hallowed Grounds,4.98,No,L5553,2014-01-16,0,0
Hippokampos,34.0,No,L3366,2014-01-16,0,0
Kalami Kafenion,26.32,No,L3366,2014-01-16,0,0
Stewart and Sons Fabrication,860.3,No,L7761,2014-01-16,0,0
Abila Airport,3032.97,No,L2769,2014-01-16,0,0
Hallowed Grounds,12.61,No,L3259,2014-01-16,0,0
Katerina Cafè,10.84,No,L3259,2014-01-16,0,0
Coffee Cameleon,7.19,No,L9362,2014-01-16,0,0
Katerina Cafè,14.34,No,L9362,2014-01-16,0,0
Guy's Gyros,31.31,No,L7291,2014-01-16,0,0
Brewed Awakenings,8.69,No,L5947,2014-01-17,0,0
Chostus Hotel,119.62,No,L5947,2014-01-17,0,0
Katerina Cafè,32.13,No,L6119,2014-01-17,0,0
Hippokampos,10.14,No,L3014,2014-01-17,0,0
Abila Zacharo,8.78,No,L2070,2014-01-17,0,0
Hippokampos,14.93,No,L2070,2014-01-17,0,0
General Grocer,78.03,No,L6544,2014-01-17,0,0
Brew've Been Served,12.56,No,L3800,2014-01-17,0,0
Hippokampos,28.35,No,L5553,2014-01-17,0,0
Abila Zacharo,21.21,No,L3366,2014-01-17,0,0
Brew've Been Served,11.04,No,L3572,2014-01-17,0,0
Shoppers' Delight,269.33,No,L3572,2014-01-17,0,0
Guy's Gyros,15.4,No,L2169,2014-01-17,0,0
Coffee Cameleon,14.57,No,L9637,2014-01-17,0,0
Ouzeri Elian,10.21,No,L3288,2014-01-17,0,0
Hallowed Grounds,18.22,No,L7814,2014-01-17,0,0
Brew've Been Served,12.3,No,L7291,2014-01-17,0,0
Abila Zacharo,39.67,No,L9254,2014-01-17,0,0
Kalami Kafenion,25.32,No,L6886,2014-01-17,0,0
Kronos Mart,194.51,No,L5777,2014-01-18,0,0
Ouzeri Elian,21.56,No,L5777,2014-01-18,0,0
Kalami Kafenion,11.14,No,L3191,2014-01-18,0,0
Kalami Kafenion,10.48,No,L1485,2014-01-18,0,0
Abila Zacharo,73.25,No,L5947,2014-01-18,0,0
Roberts and Sons,239.65,No,L5947,2014-01-18,0,0
Hippokampos,20.11,No,L3014,2014-01-18,0,0
Kalami Kafenion,42.36,No,L2070,2014-01-18,0,0
Kronos Mart,150.36,No,L2070,2014-01-18,0,0
Frydos Autosupply n' More,281.54,No,L4424,2014-01-18,0,0
Guy's Gyros,31.48,No,L3800,2014-01-18,0,0
Kronos Mart,87.66,No,L2490,2014-01-18,0,0
Ouzeri Elian,53.36,No,L9362,2014-01-18,0,0
Katerina Cafè,14.22,No,L2459,2014-01-18,0,0
Hippokampos,11.56,No,L3014,2014-01-19,0,0
Guy's Gyros,40.36,No,L8148,2014-01-19,0,0
Katerina Cafè,12.25,No,L9362,2014-01-19,0,0
Hippokampos,45.32,No,L5224,2014-01-19,0,0
